A0A087WUV0	ZNF892
A0A0U1RQI7	KLF18
A0A1B0GTS1	HSFX4
A0A1B0GWH4	HSFX3
A0A1W2PPF3	DUXB
A0A1W2PPK0	CPHXL2
A0A1W2PPM1	CPHXL
A0A1W2PQ73	ERFL
A0A1W2PQL4	ZNF722
A0A1W2PRP0	FOXL3
A0A2Z4LIS9	FOXO3B
A0A5F9ZHS7	NFILZ
A0AVK6	E2F8
A0PJY2	FEZF1
A1YPR0	ZBTB7C
A2RRD8	ZNF320
A2RU54	HMX2
A6NCS4	NKX2-6
A6NDR6	MEIS3P1
A6NFD8	HELT
A6NFI3	ZNF316
A6NFQ7	DPRX
A6NGD5	ZSCAN5C
A6NHJ4	ZNF860
A6NHT5	HMX3
A6NI15	MSGN1
A6NJ46	NKX6-3
A6NJG6	ARGFX
A6NJL1	ZSCAN5B
A6NJT0	UNCX
A6NK53	ZNF233
A6NK75	ZNF98
A6NKF2	ARID3C
A6NLW8	DUXA
A6NM28	ZFP92
A6NMT0	DBX1
A6NN14	ZNF729
A6NNA5	DRGX
A6NNF4	ZNF726
A6NP11	ZNF716
A8K0S8	MEIS3P2
A8K8V0	ZNF785
A8MT65	ZNF891
A8MTJ6	FOXI3
A8MTQ0	NOTO
A8MTY0	ZNF724
A8MUV8	ZNF727
A8MUZ8	ZNF705G
A8MWA4	ZNF705EP
A8MXY4	ZNF99
A8MYZ6	FOXO6
A8MZ59	LEUTX
A9YTQ3	AHRR
B1APH4	ZNF487
B2RXF5	ZBTB42
B4DU55	ZNF879
B4DX44	ZNF736
B4DXR9	ZNF732
C9JBD0	KRABD1
C9JN71	ZNF878
E7ETH6	ZNF587B
E9PGG2	ANHX
O00110	OVOL3
O00287	RFXAP
O00321	ETV2
O00327	BMAL1
O00358	FOXE1
O00409	FOXN3
O00470	MEIS1
O00482	NR5A2
O00570	SOX1
O00634	NTN3
O00712	NFIB
O00716	E2F3
O14503	BHLHE40
O14529	CUX2
O14593	RFXANK
O14627	CDX4
O14628	ZNF195
O14753	OVOL1
O14770	MEIS2
O14771	ZNF213
O14813	PHOX2A
O14867	BACH1
O14896	IRF6
O14901	KLF11
O14948	TFEC
O14978	ZNF263
O15014	ZNF609
O15015	ZNF646
O15060	ZBTB39
O15062	ZBTB5
O15090	ZNF536
O15119	TBX3
O15156	ZBTB7B
O15162	PLSCR1
O15173	PGRMC2
O15178	TBXT
O15198	SMAD9
O15209	ZBTB22
O15226	NKRF
O15266	SHOX
O15350	TP73
O15353	FOXN1
O15370	SOX12
O15391	YY2
O15409	FOXP2
O15499	GSC2
O15516	CLOCK
O15522	NKX2-8
O15525	MAFG
O15535	ZSCAN9
O43167	ZBTB24
O43186	CRX
O43248	HOXC11
O43296	ZNF264
O43298	ZBTB43
O43309	ZSCAN12
O43313	ATMIN
O43316	PAX4
O43361	ZNF749
O43364	HOXA2
O43365	HOXA3
O43435	TBX1
O43474	KLF4
O43524	FOXO3
O43623	SNAI2
O43638	FOXS1
O43680	TCF21
O43711	TLX3
O43763	TLX2
O43812	DUX1
O43829	ZBTB14
O43889	CREB3
O60248	SOX15
O60281	ZNF292
O60284	ST18
O60304	ZNF500
O60315	ZEB2
O60381	HBP1
O60384	ZNF861P
O60393	NOBOX
O60422	ONECUT3
O60479	DLX3
O60481	ZIC3
O60519	CREBL2
O60548	FOXD2
O60663	LMX1B
O60675	MAFK
O60682	MSC
O60765	ZNF354A
O60806	TBX19
O60902	SHOX2
O75030	MITF
O75123	ZNF623
O75132	ZBED4
O75290	ZNF780A
O75333	TBX10
O75346	ZNF253
O75360	PROP1
O75362	ZNF217
O75364	PITX3
O75373	ZNF737
O75398	DEAF1
O75437	ZNF254
O75444	MAF
O75461	E2F6
O75467	ZNF324
O75469	NR1I2
O75541	ZNF821
O75593	FOXH1
O75603	GCM2
O75626	PRDM1
O75820	ZNF189
O75840	KLF7
O94842	TOX4
O94850	DDN
O94916	NFAT5
O94993	SOX30
O95076	ALX3
O95096	NKX2-2
O95125	ZNF202
O95201	ZNF205
O95231	VENTX
O95238	SPDEF
O95343	SIX3
O95365	ZBTB7A
O95409	ZIC2
O95416	SOX14
O95475	SIX6
O95600	KLF8
O95625	ZBTB11
O95631	NTN1
O95644	NFATC1
O95718	ESRRB
O95780	ZNF682
O95785	WIZ
O95863	SNAI1
O95935	TBX18
O95936	EOMES
O95947	TBX6
O95948	ONECUT2
O96004	HAND1
O96006	ZBED1
P01100	FOS
P01106	MYC
P03372	ESR1
P04150	NR3C1
P04198	MYCN
P04637	TP53
P05412	JUN
P05549	TFAP2A
P06401	PGR
P06733	ENO1
P08047	SP1
P08048	ZFY
P08151	GLI1
P08235	NR3C2
P08651	NFIC
P08910	ABHD2
P09016	HOXD4
P09017	HOXC4
P09067	HOXB5
P09086	POU2F2
P09629	HOXB7
P09630	HOXC6
P0C6A0	ZGLP1
P0C7M4	RHOXF2B
P0C7X2	ZNF688
P0CB33	ZNF735
P0CG00	ZSCAN5DP
P0CG23	ZNF853
P0CG24	ZNF883
P0CG31	ZNF286B
P0CG40	SP9
P0CH99	ZNF705D
P0CI00	ZNF705B
P0CJ78	ZNF865
P0CJ79	ZNF888
P0CJ85	DUX4L2
P0CJ86	DUX4L3
P0CJ87	DUX4L4
P0CJ88	DUX4L5
P0CJ89	DUX4L6
P0CJ90	DUX4L7
P0DKX0	ZNF728
P0DPD5	ZNF723
P0DV77	TPRX2
P10070	GLI2
P10071	GLI3
P10072	ZNF875
P10073	ZSCAN22
P10074	ZBTB48
P10075	GLI4
P10242	MYB
P10243	MYBL1
P10244	MYBL2
P10275	AR
P10276	RARA
P10588	NR2F6
P10589	NR2F1
P10826	RARB
P10827	THRA
P10828	THRB
P10914	IRF1
P11161	EGR2
P11308	ERG
P11473	VDR
P11474	ESRRA
P11831	SRF
P12524	MYCL
P12525	MYCLP1
P12755	SKI
P12757	SKIL
P12980	LYL1
P13056	NR2C1
P13349	MYF5
P13378	HOXD8
P13631	RARG
P13682	ZNF35
P14316	IRF2
P14651	HOXB3
P14652	HOXB2
P14653	HOXB1
P14859	POU2F1
P14921	ETS1
P15036	ETS2
P15172	MYOD1
P15173	MYOG
P15336	ATF2
P15407	FOSL1
P15408	FOSL2
P15621	ZNF44
P15622	ZNF250
P15822	HIVEP1
P15863	PAX1
P15884	TCF4
P15923	TCF3
P15976	GATA1
P16220	CREB1
P16415	ZNF823
P17010	ZFX
P17014	ZNF12
P17017	ZNF14
P17019	ZNF708
P17020	ZNF16
P17021	ZNF17
P17022	ZNF18
P17023	ZNF19
P17024	ZNF20
P17025	ZNF182
P17026	ZNF22
P17027	ZNF23
P17028	ZNF24
P17029	ZKSCAN1
P17030	ZNF25
P17032	ZNF37A
P17035	ZNF28
P17036	ZNF3
P17039	ZNF30
P17040	ZSCAN20
P17041	ZNF32
P17097	ZNF7
P17098	ZNF8
P17275	JUNB
P17481	HOXB8
P17482	HOXB9
P17483	HOXB4
P17509	HOXB6
P17535	JUND
P17542	TAL1
P17544	ATF7
P17676	CEBPB
P17861	XBP1
P17947	SPI1
P18146	EGR1
P18846	ATF1
P18847	ATF3
P18848	ATF4
P18850	ATF6
P19419	ELK1
P19484	TFEB
P19532	TFE3
P19544	WT1
P19622	EN2
P19793	RXRA
P19838	NFKB1
P20264	POU3F3
P20265	POU3F2
P20393	NR1D1
P20719	HOXA5
P20823	HNF1A
P21506	ZNF10
P22392	NME2
P22415	USF1
P22670	RFX1
P22736	NR4A1
P23396	RPS3
P23409	MYF6
P23497	SP100
P23511	NFYA
P23759	PAX7
P23760	PAX3
P23769	GATA2
P23771	GATA3
P24278	ZBTB25
P24468	NR2F2
P25208	NFYB
P25490	YY1
P26367	PAX6
P27540	ARNT
P28069	POU1F1
P28324	ELK4
P28347	TEAD1
P28356	HOXD9
P28358	HOXD10
P28360	MSX1
P28698	MZF1
P28702	RXRB
P31249	HOXD3
P31260	HOXA10
P31267	HOXA6
P31268	HOXA7
P31269	HOXA9
P31270	HOXA11
P31271	HOXA13
P31273	HOXC8
P31274	HOXC9
P31275	HOXC12
P31276	HOXC13
P31277	HOXD11
P31314	TLX1
P31629	HIVEP2
P32242	OTX1
P32243	OTX2
P32314	FOXN2
P32519	ELF1
P35398	RORA
P35452	HOXD12
P35453	HOXD13
P35548	MSX2
P35638	DDIT3
P35680	HNF1B
P35711	SOX5
P35712	SOX6
P35713	SOX18
P35716	SOX11
P35789	ZNF93
P35869	AHR
P36402	TCF7
P36508	ZNF76
P36956	SREBF1
P37231	PPARG
P37275	ZEB1
P39880	CUX1
P40424	PBX1
P40425	PBX2
P40426	PBX3
P40763	STAT3
P41161	ETV5
P41162	ETV3
P41182	BCL6
P41212	ETV6
P41225	SOX3
P41235	HNF4A
P41970	ELK3
P42224	STAT1
P42226	STAT6
P42229	STAT5A
P43268	ETV4
P43354	NR4A2
P43694	GATA4
P43699	NKX2-1
P47902	CDX1
P48378	RFX2
P48380	RFX3
P48382	RFX5
P48431	SOX2
P48436	SOX9
P48443	RXRG
P48742	LHX1
P49116	NR2C2
P49335	POU3F4
P49639	HOXA1
P49640	EVX1
P49711	CTCF
P49715	CEBPA
P49716	CEBPD
P49910	ZNF165
P50219	MNX1
P50221	MEOX1
P50222	MEOX2
P50458	LHX2
P50539	MXI1
P50548	ERF
P50549	ETV1
P50553	ASCL1
P51449	RORC
P51504	ZNF80
P51508	ZNF81
P51522	ZNF83
P51692	STAT5B
P51815	ZNF75D
P51826	AFF3
P51858	HDGF
P52630	STAT2
P52736	ZNF133
P52737	ZNF136
P52738	ZNF140
P52739	ZNF131
P52740	ZNF132
P52741	ZNF134
P52742	ZNF135
P52743	ZNF137P
P52744	ZNF138
P52746	ZNF142
P52747	ZNF143
P52945	PDX1
P52951	GBX2
P52952	NKX2-5
P52954	LBX1
P53539	FOSB
P53567	CEBPG
P54821	PRRX1
P54845	NRL
P55055	NR1H2
P55316	FOXG1
P55317	FOXA1
P55318	FOXA3
P55347	PKNOX1
P55771	PAX9
P56177	DLX1
P56178	DLX5
P56179	DLX6
P56270	MAZ
P56524	HDAC4
P56693	SOX10
P56915	GSC
P57071	PRDM15
P57073	SOX8
P57082	TBX4
P57682	KLF3
P58012	FOXL2
P58304	VSX2
P58317	ZNF121
P59817	ZNF280A
P61129	ZC3H6
P61244	MAX
P61296	HAND2
P61371	ISL1
P62508	ESRRG
P78337	PITX1
P78347	GTF2I
P78367	NKX3-2
P78411	IRX5
P78412	IRX6
P78413	IRX4
P78414	IRX1
P78415	IRX3
P78424	POU6F2
P78426	NKX6-1
P78545	ELF3
P81133	SIM1
P84022	SMAD3
P84550	SKOR1
P85037	FOXK1
P86452	ZBED6
P98177	FOXO4
Q00056	HOXA4
Q00444	HOXC5
Q00577	PURA
Q00613	HSF1
Q00653	NFKB2
Q00978	IRF9
Q01094	E2F1
Q01101	INSM1
Q01167	FOXK2
Q01196	RUNX1
Q01201	RELB
Q01538	MYT1
Q01543	FLI1
Q01664	TFAP4
Q01826	SATB1
Q01851	POU4F1
Q01860	POU5F1
Q01892	SPIB
Q01954	BNC1
Q02078	MEF2A
Q02080	MEF2B
Q02086	SP2
Q02386	ZNF45
Q02446	SP4
Q02447	SP3
Q02548	PAX5
Q02556	IRF8
Q02575	NHLH1
Q02577	NHLH2
Q02930	CREB5
Q02962	PAX2
Q03014	HHEX
Q03052	POU3F1
Q03060	CREM
Q03112	MECOM
Q03181	PPARD
Q03828	EVX2
Q03923	ZNF85
Q03924	ZNF117
Q03933	HSF2
Q03936	ZNF92
Q03938	ZNF90
Q04206	RELA
Q04741	EMX1
Q04743	EMX2
Q04864	REL
Q05066	SRY
Q05195	MXD1
Q05215	EGR4
Q05481	ZNF91
Q05516	ZBTB16
Q05925	EN1
Q06330	RBPJ
Q06413	MEF2C
Q06416	POU5F1B
Q06546	GABPA
Q06710	PAX8
Q06730	ZNF33A
Q06889	EGR3
Q06945	SOX4
Q07687	DLX2
Q07869	PPARA
Q08050	FOXM1
Q08AG5	ZNF844
Q08AN1	ZNF616
Q08ER8	ZNF543
Q09FC8	ZNF415
Q0D2J5	ZNF763
Q0VG99	MESP2
Q0VGE8	ZNF816
Q10586	DBP
Q10587	TEF
Q12772	SREBF2
Q12778	FOXO1
Q12800	TFCP2
Q12837	POU4F2
Q12857	NFIA
Q12870	TCF15
Q12901	ZNF155
Q12946	FOXF1
Q12947	FOXF2
Q12948	FOXC1
Q12950	FOXD4
Q12951	FOXI1
Q12952	FOXL1
Q12968	NFATC3
Q12986	NFX1
Q13029	PRDM2
Q13105	ZBTB17
Q13106	ZNF154
Q13118	KLF10
Q13127	REST
Q13129	RLF
Q13133	NR1H3
Q13207	TBX2
Q13285	NR5A1
Q13342	SP140
Q13351	KLF1
Q13360	ZNF177
Q13398	ZNF211
Q13422	IKZF1
Q13461	FOXE3
Q13469	NFATC2
Q13485	SMAD4
Q13516	OLIG2
Q13562	NEUROD1
Q13568	IRF5
Q13761	RUNX3
Q13886	KLF9
Q13887	KLF5
Q13950	RUNX2
Q13952	NFYC
Q14119	VEZF1
Q14186	TFDP1
Q14188	TFDP2
Q14190	SIM2
Q14209	E2F2
Q14432	PDE3A
Q14469	HES1
Q14494	NFE2L1
Q14526	HIC1
Q14541	HNF4G
Q14549	GBX1
Q14582	MXD4
Q14584	ZNF266
Q14585	ZNF345
Q14587	ZNF268
Q14588	ZNF234
Q14590	ZNF235
Q14592	ZNF460
Q14593	ZNF273
Q14653	IRF3
Q14765	STAT4
Q14774	HLX
Q147U1	ZNF846
Q14814	MEF2D
Q14863	POU6F1
Q14872	MTF1
Q14929	ZNF169
Q14934	NFATC4
Q14938	NFIX
Q14994	NR1I3
Q14995	NR1D2
Q15072	ZNF146
Q15270	NKX1-1
Q15306	IRF4
Q15319	POU4F3
Q15329	E2F5
Q15365	PCBP1
Q15406	NR6A1
Q15475	SIX1
Q15561	TEAD4
Q15562	TEAD2
Q15583	TGIF1
Q15672	TWIST1
Q15697	ZNF174
Q15699	ALX1
Q15723	ELF2
Q15744	CEBPE
Q15776	ZKSCAN8
Q15784	NEUROD2
Q15796	SMAD2
Q15797	SMAD1
Q15853	USF2
Q15911	ZFHX3
Q15915	ZIC1
Q15916	ZBTB6
Q15928	ZNF141
Q15935	ZNF77
Q15937	ZNF79
Q15940	ZNF726P1
Q15973	ZNF124
Q16236	NFE2L2
Q16254	E2F4
Q16520	BATF
Q16534	HLF
Q16559	TAL2
Q16587	ZNF74
Q16600	ZNF239
Q16621	NFE2
Q16649	NFIL3
Q16650	TBR1
Q16656	NRF1
Q16665	HIF1A
Q16670	ZSCAN26
Q16676	FOXD1
Q17R98	ZNF827
Q17RH7	TPRXL
Q1XH10	SKIDA1
Q2KHR2	RFX7
Q2M1K9	ZNF423
Q2M1V0	ISX
Q2M218	ZNF630
Q2M3W8	ZNF181
Q2M3X9	ZNF674
Q2TB10	ZNF800
Q2VWA4	SKOR2
Q2VY69	ZNF284
Q32M78	ZNF699
Q32MQ0	ZNF750
Q32MZ4	LRRFIP1
Q33E94	RFX4
Q3B8N5	PROX2
Q3C1V8	BSX
Q3KNS6	ZNF829
Q3KNW1	SNAI3
Q3KP31	ZNF791
Q3KQV3	ZNF792
Q3MIS6	ZNF528
Q3MJ62	ZSCAN23
Q3SXZ3	ZNF718
Q3SY52	ZIK1
Q3SY56	SP6
Q3SYB3	FOXD4L6
Q3ZCT1	ZNF260
Q3ZCX4	ZNF568
Q494X3	ZNF404
Q499Z4	ZNF672
Q49A33	ZNF876P
Q49AA0	ZFP69
Q4G112	HSF5
Q53GI3	ZNF394
Q5CZA5	ZNF805
Q5EBL2	ZNF628
Q5EBM4	ZNF542P
Q5FWF6	ZNF789
Q5H9I0	TFDP3
Q5HY98	ZNF766
Q5HYK9	ZNF667
Q5HYR2	DMRTC1
Q5JNZ3	ZNF311
Q5JT82	KLF17
Q5JUK2	SOHLH1
Q5JUW0	KRABD4
Q5JVG8	ZNF506
Q5MCW4	ZNF569
Q5SQQ9	VAX1
Q5SVQ8	ZBTB41
Q5SXM1	ZNF678
Q5T0B9	ZNF362
Q5T0F9	CC2D1B
Q5T1R4	HIVEP3
Q5T5D7	ZNF684
Q5T619	ZNF648
Q5TA89	HES5
Q5TC79	ZBTB37
Q5TEC3	ZNF697
Q5TGS1	HES3
Q5TGY3	AHDC1
Q5VIY5	ZNF468
Q5VTD9	GFI1B
Q5VV16	FOXD4L5
Q5VV52	ZNF691
Q5VYV0	FOXB2
Q5VZB9	DMRTA1
Q5XKR4	OTP
Q63HK3	ZKSCAN2
Q63HK5	TSHZ3
Q66K89	E4F1
Q68CJ9	CREB3L3
Q68DE3	USF3
Q68DI1	ZNF776
Q68DY1	ZNF626
Q68DY9	ZNF772
Q68EA5	ZNF57
Q68G74	LHX8
Q6AHZ1	ZNF518A
Q6AW86	ZNF324B
Q6AZW8	ZNF660
Q6BEB4	SP5
Q6DD87	ZNF787
Q6DJT9	PLAG1
Q6ECI4	ZNF470
Q6EKJ0	GTF2IRD2B
Q6IQ32	ADNP2
Q6ISB3	GRHL2
Q6IV72	ZNF425
Q6N043	ZNF280D
Q6NSW7	NANOGP8
Q6NSZ9	ZSCAN25
Q6NUN9	ZNF746
Q6NX45	ZNF774
Q6P1L6	ZNF343
Q6P1N0	CC2D1A
Q6P280	ZNF529
Q6P2D0	ZFP1
Q6P9A1	ZNF530
Q6P9A3	ZNF549
Q6P9G9	ZNF449
Q6PDB4	ZNF880
Q6PF04	ZNF613
Q6PG37	ZNF790
Q6PIV2	FOXR1
Q6PJQ5	FOXR2
Q6PK81	ZNF773
Q6QHK4	FIGLA
Q6RFH8	DUX4L9
Q6U7Q0	ZNF322
Q6V9R5	ZNF562
Q6VB84	FOXD4L3
Q6VUC0	TFAP2E
Q6XD76	ASCL4
Q6XYB7	LBX2
Q6ZMS4	ZNF852
Q6ZMS7	ZNF783
Q6ZMV8	ZNF730
Q6ZMY9	ZNF517
Q6ZN06	ZNF813
Q6ZN08	ZNF66
Q6ZN11	ZNF793
Q6ZN32	ETV3L
Q6ZN57	ZFP2
Q6ZN79	ZNF705A
Q6ZNB6	NFXL1
Q6ZNC4	ZNF704
Q6ZNG0	ZNF620
Q6ZNG2	DBX2
Q6ZNH5	ZNF497
Q6ZQN5	FOXI2
Q6ZR52	ZNF493
Q6ZRF7	ZNF818P
Q6ZS27	ZNF662
Q6ZSB9	ZBTB49
Q6ZSS3	ZNF621
Q6ZSZ6	TSHZ1
Q6ZT77	ZNF826P
Q6ZTB9	ZNF833P
Q6ZV50	RFX8
Q6ZVD7	STOX1
Q70SY1	CREB3L2
Q76KX8	ZNF534
Q7L2R6	ZNF765
Q7L3S4	ZNF771
Q7L945	ZNF627
Q7RTS1	BHLHA15
Q7RTS3	PTF1A
Q7RTU0	TCF24
Q7RTU1	TCF23
Q7RTU3	OLIG3
Q7RTU4	BHLHA9
Q7RTU5	ASCL5
Q7RTU7	SCX
Q7RTV3	ZNF367
Q7Z2F6	KRABD5
Q7Z340	ZNF551
Q7Z353	HDX
Q7Z398	ZNF550
Q7Z3H4	SAMD7
Q7Z3I7	ZNF572
Q7Z3K3	POGZ
Q7Z3V5	ZNF571
Q7Z4V0	ZNF438
Q7Z5D8	NANOGNB
Q7Z6R9	TFAP2D
Q7Z7K2	ZNF467
Q7Z7L9	ZSCAN2
Q86T24	ZBTB33
Q86TJ5	ZNF554
Q86UD4	ZNF329
Q86UE3	ZNF546
Q86UP3	ZFHX4
Q86UP8	GTF2IRD2
Q86UQ0	ZNF589
Q86UZ6	ZBTB46
Q86V15	CASZ1
Q86V71	ZNF429
Q86VE0	MYPOP
Q86VK4	ZNF410
Q86W11	ZSCAN30
Q86WK9	PAQR7
Q86WP2	GPBP1
Q86XF7	ZNF575
Q86XN6	ZNF761
Q86XU0	ZNF677
Q86Y25	ZNF354C
Q86YE8	ZNF573
Q86YH2	ZNF280B
Q86YP4	GATAD2A
Q8HWS3	RFX6
Q8IUE0	TGIF2LY
Q8IUE1	TGIF2LX
Q8IUM7	NPAS4
Q8IUR6	CREBRF
Q8IUX7	AEBP1
Q8IV76	PASD1
Q8IVC4	ZNF584
Q8IVH2	FOXP4
Q8IVP9	ZNF547
Q8IW36	ZNF695
Q8IWI9	MGA
Q8IWY8	ZSCAN29
Q8IX15	HOMEZ
Q8IXF0	NPAS3
Q8IXT2	DMRTC2
Q8IXZ3	SP8
Q8IYA7	MKX
Q8IYB9	ZNF595
Q8IYI8	ZNF440
Q8IYN0	ZNF100
Q8IYX0	ZNF679
Q8IZ20	ZNF683
Q8IZ26	ZNF34
Q8IZC7	ZNF101
Q8IZM8	ZNF654
Q8N0Y2	ZNF444
Q8N100	ATOH7
Q8N141	ZFP82
Q8N143	BCL6B
Q8N184	ZNF567
Q8N187	CARF
Q8N196	SIX5
Q8N1G0	ZNF687
Q8N1L9	BATF2
Q8N1W2	ZNF710
Q8N2I2	ZNF619
Q8N2R0	OSR2
Q8N3J9	ZNF664
Q8N554	ZNF276
Q8N587	ZNF561
Q8N5A5	ZGPAT
Q8N5J4	SPIC
Q8N5P1	ZC3H8
Q8N680	ZBTB2
Q8N693	ESX1
Q8N720	ZNF655
Q8N782	ZNF525
Q8N7G0	POU5F2
Q8N7K0	ZNF433
Q8N7M2	ZNF283
Q8N7Q3	ZNF676
Q8N7R0	NANOGP1
Q8N7U7	TPRX1
Q8N823	ZNF611
Q8N859	ZNF713
Q8N883	ZNF614
Q8N895	ZNF366
Q8N8C0	ZNF781
Q8N8E2	ZNF513
Q8N8L2	ZNF491
Q8N8Y5	ZFP41
Q8N8Z8	ZNF441
Q8N972	ZNF709
Q8N988	ZNF557
Q8N9F8	ZNF454
Q8N9K5	ZNF565
Q8N9L1	ZIC4
Q8N9Z0	ZNF610
Q8NA42	ZNF383
Q8NAF0	ZNF579
Q8NAM6	ZSCAN4
Q8NAP3	ZBTB38
Q8NAP8	ZBTB8B
Q8NB15	ZNF511
Q8NB42	ZNF527
Q8NBB4	ZSCAN1
Q8NBF1	GLIS1
Q8NC26	ZNF114
Q8NCA9	ZNF784
Q8NCK3	ZNF485
Q8NCN2	ZBTB34
Q8ND82	ZNF280C
Q8NDP4	ZNF439
Q8NDQ6	ZNF540
Q8NDW4	ZNF248
Q8NDX6	ZNF740
Q8NDY6	BHLHE23
Q8NE65	ZNF738
Q8NEA6	GLIS3
Q8NEK5	ZNF548
Q8NEM1	ZNF680
Q8NEP9	ZNF555
Q8NF99	ZNF397
Q8NFJ8	BHLHE22
Q8NFW5	DMBX1
Q8NHV9	RHOXF1
Q8NHW3	MAFA
Q8NHY6	ZFP28
Q8NI51	CTCFL
Q8TA94	ZNF563
Q8TAF7	ZNF461
Q8TAK6	OLIG1
Q8TAQ5	ZNF420
Q8TAU0	NKX2-3
Q8TAU3	ZNF417
Q8TAW3	ZNF671
Q8TAX0	OSR1
Q8TB69	ZNF519
Q8TBC5	ZSCAN18
Q8TBJ5	FEZF2
Q8TBZ5	ZNF502
Q8TBZ8	ZNF564
Q8TC21	ZNF596
Q8TCN5	ZNF507
Q8TD17	ZNF398
Q8TD23	ZNF675
Q8TD94	KLF14
Q8TDD2	SP7
Q8TE12	LMX1A
Q8TE85	GRHL3
Q8TEY5	CREB3L4
Q8TEZ7	PAQR8
Q8TF32	ZNF431
Q8TF39	ZNF483
Q8TF45	ZNF418
Q8TF47	ZFP90
Q8WUU4	ZNF296
Q8WV37	ZNF480
Q8WVJ9	TWIST2
Q8WXI9	GATAD2B
Q8WXT5	FOXD4L4
Q8WY36	BBX
Q8WYA1	BMAL2
Q8WYK2	JDP2
Q8WYN3	CSRNP3
Q92481	TFAP2B
Q92570	NR4A3
Q92610	ZNF592
Q92618	ZNF516
Q92670	ZNF75CP
Q92731	ESR2
Q92753	RORB
Q92754	TFAP2C
Q92766	RREB1
Q92786	PROX1
Q92826	HOXB13
Q92858	ATOH1
Q92886	NEUROG1
Q92908	GATA6
Q92949	FOXJ1
Q92985	IRF7
Q92988	DLX4
Q969G2	LHX4
Q969J2	ZKSCAN4
Q969W8	ZNF566
Q96A47	ISL2
Q96AP4	ZUP1
Q96AV8	E2F7
Q96BA8	CREB3L1
Q96BF6	NACC2
Q96BR6	ZNF669
Q96BR9	ZBTB8A
Q96BV0	ZNF775
Q96C00	ZBTB9
Q96C28	ZNF707
Q96C55	ZNF524
Q96CS4	ZNF689
Q96CX3	ZNF501
Q96DT7	ZBTB10
Q96EG3	ZNF837
Q96EK4	THAP11
Q96GC6	ZNF274
Q96GE5	ZNF799
Q96H40	ZNF486
Q96H86	ZNF764
Q96HQ0	ZNF419
Q96HZ4	HES6
Q96I27	ZNF625
Q96IQ9	ZNF414
Q96IS3	RAX2
Q96IT1	ZNF496
Q96IU2	ZBED3
Q96JB3	HIC2
Q96JC4	ZNF479
Q96JG9	ZNF469
Q96JL9	ZNF333
Q96JM2	ZNF462
Q96JP5	ZFP91
Q96JS3	PGBD1
Q96K58	ZNF668
Q96K62	ZBTB45
Q96K75	ZNF514
Q96KM6	ZNF512B
Q96KN3	PKNOX2
Q96LI6	HSFY1
Q96LU7	MYRFL
Q96LW1	ZNF354B
Q96LW9	ZSCAN31
Q96LX8	ZNF597
Q96MA1	DMRTB1
Q96ME7	ZNF512
Q96MM3	ZFP42
Q96MR9	ZNF560
Q96MU6	ZNF778
Q96N20	ZNF75A
Q96N22	ZNF681
Q96N38	ZNF714
Q96N58	ZNF578
Q96N77	ZNF641
Q96N95	ZNF396
Q96ND8	ZNF583
Q96NG5	ZNF558
Q96NG8	ZNF582
Q96NI8	ZNF570
Q96NJ3	ZNF285
Q96NJ6	ZFP3
Q96NK8	NEUROD6
Q96NL3	ZNF599
Q96NU1	SAMD11
Q96NX9	DACH2
Q96NZ1	FOXN4
Q96PE6	ZIM3
Q96PQ6	ZNF317
Q96PT3	DUX5
Q96PT4	DUX3
Q96QR8	PURB
Q96QS3	ARX
Q96RE7	NACC1
Q96RE9	ZNF300
Q96RI1	NR1H4
Q96RJ6	FERD3L
Q96RK0	CIC
Q96RY5	CRAMP1
Q96S65	CSRNP1
Q96SC8	DMRTA2
Q96SE7	ZNF347
Q96SF7	TBX15
Q96SK3	ZNF607
Q96SQ5	ZNF587
Q96SQ7	ATOH8
Q96SR6	ZNF382
Q96SZ4	ZSCAN10
Q96T25	ZIC5
Q96T92	INSM2
Q99081	TCF12
Q99453	PHOX2B
Q99459	CDC5L
Q99527	GPER1
Q99581	FEV
Q99583	MNT
Q99592	ZBTB18
Q99593	TBX5
Q99594	TEAD3
Q99607	ELF4
Q99612	KLF6
Q99626	CDX2
Q99676	ZNF184
Q99684	GFI1
Q99687	MEIS3
Q99697	PITX2
Q99717	SMAD5
Q99732	LITAF
Q99742	NPAS1
Q99743	NPAS2
Q99801	NKX3-1
Q99811	PRRX2
Q99814	EPAS1
Q99853	FOXB1
Q99929	ASCL2
Q99941	ATF6B
Q99958	FOXC2
Q9BQA5	HINFP
Q9BQW3	EBF4
Q9BQY4	RHOXF2
Q9BR39	JPH2
Q9BR84	ZNF559
Q9BRH9	ZNF251
Q9BRJ9	MESP1
Q9BRP0	OVOL2
Q9BRR0	ZKSCAN3
Q9BS31	ZNF649
Q9BS34	ZNF670
Q9BSK1	ZNF577
Q9BT81	SOX7
Q9BTP6	ZBED2
Q9BU19	ZNF692
Q9BUG6	ZSCAN5A
Q9BUY5	ZNF426
Q9BV97	ZNF747
Q9BW11	MXD3
Q9BWE0	REPIN1
Q9BWM5	ZNF416
Q9BWW7	SCRT1
Q9BWX5	GATA5
Q9BX82	ZNF471
Q9BXA9	SALL3
Q9BXG8	SPZ1
Q9BXK1	KLF16
Q9BYE0	HES7
Q9BYN7	ZNF341
Q9BYU1	PBX4
Q9BYV9	BACH2
Q9BZE0	GLIS2
Q9BZE3	BARHL1
Q9BZI1	IRX2
Q9BZM3	GSX2
Q9BZS1	FOXP3
Q9C009	FOXQ1
Q9C056	NKX6-2
Q9C0A1	ZFHX2
Q9C0D4	ZNF518B
Q9C0F3	ZNF436
Q9C0G0	ZNF407
Q9C0J9	BHLHE41
Q9C0K0	BCL11B
Q9GZN2	TGIF2
Q9GZU2	PEG3
Q9GZW5	SCAND2P
Q9GZX5	ZNF350
Q9GZZ0	HOXD1
Q9H0M5	ZNF700
Q9H116	GZF1
Q9H161	ALX4
Q9H165	BCL11A
Q9H175	CSRNP2
Q9H255	OR51E2
Q9H2A3	NEUROG2
Q9H2C1	LHX5
Q9H2P0	ADNP
Q9H2S9	IKZF4
Q9H2W2	MIXL1
Q9H2Z4	NKX2-4
Q9H334	FOXP1
Q9H3D4	TP63
Q9H4I2	ZHX3
Q9H4Q4	PRDM12
Q9H4S2	GSX1
Q9H4T2	ZSCAN16
Q9H4W6	EBF3
Q9H4Z2	ZNF335
Q9H582	ZNF644
Q9H5H4	ZNF768
Q9H5J0	ZBTB3
Q9H5V7	IKZF5
Q9H609	ZNF576
Q9H6I2	SOX17
Q9H707	ZNF552
Q9H7R0	ZNF442
Q9H7R5	ZNF665
Q9H7X3	ZNF696
Q9H8G1	ZNF430
Q9H8N7	ZNF395
Q9H930	SP140L
Q9H963	ZNF702P
Q9H9D4	ZNF408
Q9H9S0	NANOG
Q9HAH1	ZNF556
Q9HAK2	EBF2
Q9HAP2	MLXIP
Q9HAZ2	PRDM16
Q9HB31	SEBOX
Q9HB58	SP110
Q9HBE1	PATZ1
Q9HBT7	ZNF287
Q9HBT8	ZNF286A
Q9HBU1	BARX1
Q9HBZ2	ARNT2
Q9HC44	GPBP1L1
Q9HC78	ZBTB20
Q9HCC6	HES4
Q9HCE3	ZNF532
Q9HCG1	ZNF160
Q9HCK0	ZBTB26
Q9HCL3	ZFP14
Q9HCS4	TCF7L1
Q9HCX3	ZNF304
Q9HCZ1	ZNF334
Q9HD90	NEUROD4
Q9NP08	HMX1
Q9NP62	GCM1
Q9NP71	MLXIPL
Q9NPC7	MYNN
Q9NPC8	SIX2
Q9NQ03	SCRT2
Q9NQ33	ASCL3
Q9NQ69	LHX9
Q9NQ87	HEYL
Q9NQB0	TCF7L2
Q9NQL9	DMRT3
Q9NQV5	PRDM11
Q9NQV6	PRDM10
Q9NQX1	PRDM5
Q9NQX6	ZNF331
Q9NQZ8	ZNF71
Q9NR11	ZNF302
Q9NR55	BATF3
Q9NR83	SLC2A4RG
Q9NRE2	TSHZ2
Q9NS37	CREBZF
Q9NSC2	SALL1
Q9NSD4	ZNF275
Q9NSJ1	ZNF355P
Q9NTW7	ZFP64
Q9NU39	FOXD4L1
Q9NU63	ZFP57
Q9NUA8	ZBTB40
Q9NV72	ZNF701
Q9NVV9	THAP1
Q9NW07	ZNF358
Q9NWS9	ZNF446
Q9NX45	SOHLH2
Q9NX65	ZSCAN32
Q9NXT0	ZNF586
Q9NY43	BARHL2
Q9NYD6	HOXC10
Q9NYW8	RBAK
Q9NZC4	EHF
Q9NZI5	GRHL1
Q9NZI6	TFCP2L1
Q9NZI7	UBP1
Q9NZL3	ZNF224
Q9NZR4	VSX1
Q9NZV7	ZIM2
Q9P0K8	FOXJ2
Q9P0L1	ZKSCAN7
Q9P0T4	ZNF581
Q9P1Z0	ZBTB4
Q9P243	ZFAT
Q9P255	ZNF492
Q9P2F5	STOX2
Q9P2J8	ZNF624
Q9P2Y4	ZNF219
Q9UBC0	ONECUT1
Q9UBD0	HSFX1
Q9UBG7	RBPJL
Q9UBP5	HEY2
Q9UBR4	LHX3
Q9UBX0	HESX1
Q9UBX2	DUX4
Q9UC06	ZNF70
Q9UC07	ZNF69
Q9UD57	NKX1-2
Q9UDV6	ZNF212
Q9UDV7	ZNF282
Q9UFB7	ZBTB47
Q9UH73	EBF1
Q9UH92	MLX
Q9UHF7	TRPS1
Q9UHL9	GTF2IRD1
Q9UI36	DACH1
Q9UID6	ZNF639
Q9UIE0	ZNF230
Q9UIH9	KLF15
Q9UIU6	SIX4
Q9UIW0	VAX2
Q9UJL9	ZFP69B
Q9UJN7	ZNF391
Q9UJQ4	SALL4
Q9UJU2	LEF1
Q9UJU5	FOXD3
Q9UJV8	PURG
Q9UJW8	ZNF180
Q9UK10	ZNF225
Q9UK11	ZNF223
Q9UK12	ZNF222
Q9UK13	ZNF221
Q9UK33	ZNF580
Q9UKD1	GMEB2
Q9UKI9	POU2F3
Q9UKN5	PRDM4
Q9UKS7	IKZF2
Q9UKT9	IKZF3
Q9UKW6	ELF5
Q9UKY1	ZHX1
Q9UL17	TBX21
Q9UL36	ZNF236
Q9UL49	TCFL5
Q9UL58	ZNF215
Q9UL59	ZNF214
Q9UL68	MYT1L
Q9ULD5	ZNF777
Q9ULJ3	ZBTB21
Q9ULM2	ZNF490
Q9ULV5	HSF4
Q9ULX9	MAFF
Q9UM63	PLAGL1
Q9UMQ3	BARX2
Q9UMR3	TBX20
Q9UN79	SOX13
Q9UNY5	ZNF232
Q9UPG8	PLAGL2
Q9UPM6	LHX6
Q9UPT8	ZC3H4
Q9UPW0	FOXJ3
Q9UPW6	SATB2
Q9UQL6	HDAC5
Q9UQR1	ZNF148
Q9Y222	DMTF1
Q9Y261	FOXA2
Q9Y2A4	ZNF443
Q9Y2D1	ATF5
Q9Y2D9	ZNF652
Q9Y2G1	MYRF
Q9Y2G7	ZFP30
Q9Y2H8	ZNF510
Q9Y2K1	ZBTB1
Q9Y2L8	ZKSCAN5
Q9Y2N7	HIF3A
Q9Y2P0	ZNF835
Q9Y2P7	ZNF256
Q9Y2Q1	ZNF257
Q9Y2V3	RAX
Q9Y2W7	KCNIP3
Q9Y2X9	ZNF281
Q9Y2Y4	ZBTB32
Q9Y2Y9	KLF13
Q9Y330	ZBTB12
Q9Y3M9	ZNF337
Q9Y458	TBX22
Q9Y462	ZNF711
Q9Y466	NR2E1
Q9Y467	SALL2
Q9Y473	ZNF175
Q9Y4A8	NFE2L3
Q9Y4E5	ZNF451
Q9Y4X4	KLF12
Q9Y4Z2	NEUROG3
Q9Y543	HES2
Q9Y5A6	ZSCAN21
Q9Y5J3	HEY1
Q9Y5Q3	MAFB
Q9Y5R5	DMRT2
Q9Y5R6	DMRT1
Q9Y5W3	KLF2
Q9Y5X4	NR2E3
Q9Y603	ETV7
Q9Y651	SOX21
Q9Y692	GMEB1
Q9Y6Q3	ZFP37
Q9Y6R6	ZNF780B
Q9Y6X8	ZHX2
