Entry	Gene Names
A0A0C5B5G6	MT-RNR1
A0AVK6	E2F8
A0JLT2	MED19 LCMR1
A0PJY2	FEZF1 FEZ ZNF312B
A1A519	FAM170A ZNFD
A5YKK6	CNOT1 CDC39 KIAA1007 NOT1 AD-005
A6H8Y1	BDP1 KIAA1241 KIAA1689 TFNR
A6NCS4	NKX2-6 NKX2F
A6NI15	MSGN1
A6NIX2	WTIP
A6NJ46	NKX6-3
A6NKF2	ARID3C
A8K830	POU2AF3 C11orf93 CASC13 COLCA2
A8K8V0	ZNF785
A8MTJ6	FOXI3
A8MTQ0	NOTO
A8MV65	VGLL3
A9YTQ3	AHRR BHLHE77 KIAA1234
B2RXF5	ZBTB42
B2RXH2	KDM4E KDM4DL KDM5E
D6RGH6	MCIDAS IDAS MCI MCIN
O00167	EYA2 EAB1
O00213	APBB1 FE65 RIR
O00255	MEN1 SCG2
O00257	CBX4
O00267	SUPT5H SPT5 SPT5H
O00268	TAF4 TAF2C TAF2C1 TAF4A TAFII130 TAFII135
O00291	HIP1
O00327	BMAL1 ARNTL BHLHE5 MOP3 PASD3
O00358	FOXE1 FKHL15 FOXE2 TITF2 TTF2
O00401	WASL
O00409	FOXN3 C14orf116 CHES1
O00422	SAP18 GIG38
O00472	ELL2
O00482	NR5A2 B1F CPF FTF
O00488	ZNF593 ZT86
O00571	DDX3X DBX DDX3
O00625	PIR
O00712	NFIB
O00716	E2F3 KIAA0075
O14497	ARID1A BAF250 BAF250A C1orf4 OSA1 SMARCF1
O14503	BHLHE40 BHLHB2 DEC1 SHARP2 STRA13
O14519	CDK2AP1 CDKAP1 DOC1
O14529	CUX2 CUTL2 KIAA0293
O14593	RFXANK ANKRA1 RFXB
O14627	CDX4
O14628	ZNF195 ZNFP104
O14646	CHD1
O14647	CHD2
O14686	KMT2D ALR MLL2 MLL4
O14713	ITGB1BP1 ICAP1
O14744	PRMT5 HRMT1L5 IBP72 JBP1 SKB1
O14770	MEIS2 MRG1
O14771	ZNF213 ZKSCAN21
O14776	TCERG1 CA150 TAF2S
O14813	PHOX2A ARIX PMX2A
O14867	BACH1
O14896	IRF6
O14901	KLF11 FKLF TIEG2
O14948	TFEC BHLHE34 TCFEC TFECL
O14978	ZNF263 FPM315 ZKSCAN12
O14979	HNRNPDL HNRPDL JKTBP
O15014	ZNF609 KIAA0295
O15015	ZNF646 KIAA0296
O15047	SETD1A KIAA0339 KMT2F SET1 SET1A
O15055	PER2 KIAA0347
O15060	ZBTB39 KIAA0352
O15062	ZBTB5 KIAA0354
O15105	SMAD7 MADH7 MADH8
O15119	TBX3
O15156	ZBTB7B ZBTB15 ZFP67 ZNF857B
O15164	TRIM24 RNF82 TIF1 TIF1A
O15178	TBXT T
O15198	SMAD9 MADH6 MADH9 SMAD8
O15209	ZBTB22 BING1 ZBTB22A ZNF297
O15226	NKRF ITBA4 NRF
O15264	MAPK13 PRKM13 SAPK4
O15265	ATXN7 SCA7
O15266	SHOX PHOG
O15347	HMGB3 HMG2A HMG4
O15350	TP73 P73
O15353	FOXN1 RONU WHN
O15370	SOX12 SOX22
O15379	HDAC3
O15391	YY2 ZNF631
O15392	BIRC5 API4 IAP4
O15405	TOX3 CAGF9 TNRC9
O15409	FOXP2 CAGH44 TNRC10
O15516	CLOCK BHLHE8 KIAA0334
O15525	MAFG
O15530	PDPK1 PDK1
O15534	PER1 KIAA0482 PER RIGUI
O15535	ZSCAN9 ZNF193 PIG12
O43149	ZZEF1 KIAA0399
O43159	RRP8 KIAA0409 NML hucep-1
O43167	ZBTB24 KIAA0441 ZNF450
O43186	CRX CORD2
O43189	PHF1 PCL1
O43248	HOXC11 HOX3H
O43293	DAPK3 ZIPK
O43296	ZNF264 KIAA0412
O43298	ZBTB43 KIAA0414 ZBTB22B ZNF297B
O43309	ZSCAN12 KIAA0426 ZNF305 ZNF96
O43313	ATMIN KIAA0431 ZNF822
O43316	PAX4
O43318	MAP3K7 TAK1
O43364	HOXA2 HOX1K
O43365	HOXA3 HOX1E
O43435	TBX1
O43439	CBFA2T2 EHT MTGR1
O43463	SUV39H1 KMT1A SUV39H
O43474	KLF4 EZF GKLF
O43513	MED7 ARC34 CRSP9
O43524	FOXO3 FKHRL1 FOXO3A
O43541	SMAD6 MADH6
O43593	HR
O43623	SNAI2 SLUG SLUGH
O43680	TCF21 BHLHA23 POD1
O43709	BUD23 MERM1 WBSCR22 HUSSY-03 PP3381
O43719	HTATSF1
O43763	TLX2 HOX11L1 NCX
O43823	AKAP8 AKAP95
O43829	ZBTB14 ZFP161 ZNF478
O43889	CREB3 LZIP
O43918	AIRE APECED
O60216	RAD21 HR21 KIAA0078 NXP1 SCC1
O60244	MED14 ARC150 CRSP2 CXorf4 DRIP150 EXLM1 RGR1 TRAP170
O60248	SOX15 SOX12 SOX20 SOX26 SOX27
O60260	PRKN PARK2
O60281	ZNF292 KIAA0530
O60284	ST18 KIAA0535 ZNF387
O60304	ZNF500 KIAA0557 ZKSCAN18
O60315	ZEB2 KIAA0569 SIP1 ZFHX1B ZFX1B HRIHFB2411
O60341	KDM1A AOF2 BHC110 KDM1 KIAA0601 LSD1
O60356	NUPR1 COM1
O60381	HBP1
O60393	NOBOX
O60479	DLX3
O60481	ZIC3 ZNF203
O60519	CREBL2
O60543	CIDEA
O60548	FOXD2 FKHL17 FREAC9
O60563	CCNT1
O60583	CCNT2
O60663	LMX1B
O60675	MAFK
O60682	MSC ABF1 BHLHA22
O60711	LPXN LDLP
O60716	CTNND1 KIAA0384
O60806	TBX19 TPIT
O60828	PQBP1 NPW38 JM26
O60829	PAGE4 GAGEC1 JM27
O60869	EDF1
O60885	BRD4 HUNK1
O60907	TBL1X TBL1
O75030	MITF BHLHE32
O75081	CBFA2T3 MTG16 MTGR2 ZMYND4
O75132	ZBED4 KIAA0637
O75151	PHF2 CENP-35 KIAA0662
O75164	KDM4A JHDM3A JMJD2 JMJD2A KIAA0677
O75175	CNOT3 KIAA0691 LENG2 NOT3
O75177	SS18L1 CREST KIAA0693
O75182	SIN3B KIAA0700
O75362	ZNF217 ZABC1
O75364	PITX3 PTX3
O75376	NCOR1 KIAA1047
O75398	DEAF1 SPN ZMYND5
O75444	MAF
O75446	SAP30
O75448	MED24 ARC100 CRSP4 DRIP100 KIAA0130 THRAP4 TRAP100
O75460	ERN1 IRE1
O75461	E2F6
O75469	NR1I2 PXR
O75475	PSIP1 DFS70 LEDGF PSIP2
O75478	TADA2A TADA2L KL04P
O75486	SUPT3H SPT3
O75525	KHDRBS3 SALP SLM2
O75528	TADA3 ADA3 TADA3L
O75529	TAF5L PAF65B
O75530	EED
O75586	MED6 ARC33
O75593	FOXH1 FAST1 FAST2
O75603	GCM2 GCMB
O75618	DEDD DEDPRO1 DEFT KE05
O75626	PRDM1 BLIMP1
O75840	KLF7 UKLF
O75909	CCNK CPR4
O75925	PIAS1 DDXBP1
O75928	PIAS2 PIASX
O75971	SNAPC5 SNAP19
O76054	SEC14L2 C22orf6 KIAA1186 KIAA1658
O94763	URI1 C19orf2 NNX3 PPP1R19 RMP URI
O94805	ACTL6B ACTL6 BAF53B
O94842	TOX4 C14orf92 KIAA0737
O94864	SUPT7L KIAA0764
O94892	ZNF432 KIAA0798
O94900	TOX KIAA0808
O94915	FRYL AF4P12 KIAA0826
O94916	NFAT5 KIAA0827 TONEBP
O94953	KDM4B JHDM3B JMJD2B KIAA0876
O94983	CAMTA2 KIAA0909
O94992	HEXIM1 CLP1 EDG1 HIS1 MAQ1
O94993	SOX30
O95073	FSBP
O95096	NKX2-2 NKX2.2 NKX2B
O95104	SCAF4 KIAA1172 SFRS15
O95125	ZNF202 ZKSCAN10
O95201	ZNF205 RHIT ZNF210
O95238	SPDEF PDEF PSE
O95251	KAT7 HBO1 HBOa MYST2
O95343	SIX3
O95365	ZBTB7A FBI1 LRF ZBTB7 ZNF857A
O95402	MED26 ARC70 CRSP7
O95409	ZIC2
O95416	SOX14 SOX28
O95503	CBX6
O95600	KLF8 BKLF3 ZNF741
O95619	YEATS4 GAS41
O95633	FSTL3 FLRG UNQ674/PRO1308
O95644	NFATC1 NFAT2 NFATC
O95677	EYA4
O95718	ESRRB ERRB2 ESRL2 NR3B2
O95905	ECD
O95931	CBX7
O95935	TBX18
O95936	EOMES TBR2
O95947	TBX6
O95948	ONECUT2 HNF6B
O95983	MBD3
O96004	HAND1 BHLHA27 EHAND
O96006	ZBED1 ALTE DREF hDREF KIAA0785 TRAMP
O96017	CHEK2 CDS1 CHK2 RAD53
O96019	ACTL6A BAF53 BAF53A INO80K
O96028	NSD2 KIAA1090 MMSET TRX5 WHSC1
P01106	MYC BHLHE39
P02788	LTF GIG12 LF
P03372	ESR1 ESR NR3A1
P04150	NR3C1 GRL
P04198	MYCN BHLHE37 NMYC
P04626	ERBB2 HER2 MLN19 NEU NGL
P04637	TP53 P53
P05412	JUN
P05549	TFAP2A AP2TF TFAP2
P05771	PRKCB PKCB PRKCB1
P06400	RB1
P06401	PGR NR3C3
P06733	ENO1 ENO1L1 MBPB1 MPB1
P08047	SP1 TSFP1
P08048	ZFY
P08151	GLI1 GLI
P08235	NR3C2 MCR MLR
P08651	NFIC NFI
P09016	HOXD4 HOX4B
P09017	HOXC4 HOX3E
P09067	HOXB5 HOX2A
P09086	POU2F2 OCT2 OTF2
P09629	HOXB7 HOX2C
P09874	PARP1 ADPRT PPOL
P0C1Z6	TFPT INO80F
P0C7T5	ATXN1L BOAT BOAT1
P0C7X2	ZNF688
P0DME0	SETSIP SETP18
P10070	GLI2 THP
P10071	GLI3
P10073	ZSCAN22 HKR2 ZNF50
P10074	ZBTB48 HKR3 TZAP ZNF855
P10242	MYB
P10243	MYBL1 AMYB
P10244	MYBL2 BMYB
P10275	AR DHTR NR3C4
P10276	RARA NR1B1
P10588	NR2F6 EAR2 ERBAL2
P10589	NR2F1 EAR3 ERBAL3 TFCOUP1
P10599	TXN TRDX TRX TRX1
P10826	RARB HAP NR1B2
P10827	THRA EAR7 ERBA1 NR1A1 THRA1 THRA2
P10828	THRB ERBA2 NR1A2 THR1
P10914	IRF1
P11142	HSPA8 HSC70 HSP73 HSPA10
P11161	EGR2 KROX20
P11308	ERG
P11362	FGFR1 BFGFR CEK FGFBR FLG FLT2 HBGFR
P11473	VDR NR1I1
P11474	ESRRA ERR1 ESRL1 NR3B1
P11831	SRF
P12956	XRCC6 G22P1
P12980	LYL1 BHLHA18
P13010	XRCC5 G22P2
P13056	NR2C1 TR2
P13349	MYF5 BHLHC2
P13378	HOXD8 HOX4E
P13631	RARG NR1B3
P13682	ZNF35
P13984	GTF2F2 RAP30
P14316	IRF2
P14373	TRIM27 RFP RNF76
P14651	HOXB3 HOX2G
P14652	HOXB2 HOX2H
P14653	HOXB1 HOX2I
P14859	POU2F1 OCT1 OTF1
P14921	ETS1 EWSR2
P15036	ETS2
P15172	MYOD1 BHLHC1 MYF3 MYOD
P15173	MYOG BHLHC3 MYF4
P15336	ATF2 CREB2 CREBP1
P15408	FOSL2 FRA2
P15622	ZNF250 ZNF647
P15822	HIVEP1 ZNF40
P15863	PAX1 HUP48
P15884	TCF4 BHLHB19 ITF2 SEF2
P15923	TCF3 BHLHB21 E2A ITF1
P15976	GATA1 ERYF1 GF1
P16220	CREB1
P16989	YBX3 CSDA DBPA
P17010	ZFX
P17014	ZNF12 GIOT3 KOX3 ZNF325
P17020	ZNF16 HZF1 KOX9
P17021	ZNF17 KIAA1947 KOX10
P17022	ZNF18 HDSG1 KOX11 ZKSCAN6 ZNF535
P17023	ZNF19 KOX12
P17024	ZNF20 KOX13
P17027	ZNF23 KOX16 ZNF359 ZNF612
P17028	ZNF24 KOX17 ZNF191 ZSCAN3
P17036	ZNF3 KOX25
P17040	ZSCAN20 KOX29 ZNF31 ZNF360
P17041	ZNF32 KOX30
P17096	HMGA1 HMGIY
P17275	JUNB
P17480	UBTF UBF UBF1
P17481	HOXB8 HOX2D
P17482	HOXB9 HOX2E
P17483	HOXB4 HOX2F
P17509	HOXB6 HOX2B
P17535	JUND
P17542	TAL1 BHLHA17 SCL TCL5
P17544	ATF7 ATFA
P17676	CEBPB TCF5 PP9092
P17844	DDX5 G17P1 HELR HLR1
P17861	XBP1 TREB5 XBP2
P17947	SPI1
P18074	ERCC2 XPD XPDC
P18146	EGR1 KROX24 ZNF225
P18615	NELFE RD RDBP
P18846	ATF1
P18847	ATF3
P18848	ATF4 CREB2 TXREB
P18850	ATF6
P19419	ELK1
P19447	ERCC3 XPB XPBC
P19484	TFEB BHLHE35
P19525	EIF2AK2 PKR PRKR
P19532	TFE3 BHLHE33
P19544	WT1
P19784	CSNK2A2 CK2A2
P19793	RXRA NR2B1
P19838	NFKB1
P20226	TBP GTF2D1 TF2D TFIID
P20264	POU3F3 BRN1 OTF8
P20265	POU3F2 BRN2 OCT7 OTF7
P20290	BTF3 NACB OK/SW-cl.8
P20393	NR1D1 EAR1 HREV THRAL
P20719	HOXA5 HOX1C
P20749	BCL3 BCL4 D19S37
P20794	MAK
P20823	HNF1A TCF1
P21675	TAF1 BA2R CCG1 CCGS TAF2A
P22392	NME2 NDK2 NM23B
P22415	USF1 BHLHB11 USF
P22670	RFX1
P22736	NR4A1 GFRP1 HMR NAK1
P23193	TCEA1 GTF2S TFIIS
P23246	SFPQ PSF
P23396	RPS3 OK/SW-cl.26
P23497	SP100
P23511	NFYA
P23759	PAX7 HUP1
P23760	PAX3 HUP2
P23769	GATA2
P23771	GATA3
P24278	ZBTB25 C14orf51 KUP ZNF46
P24385	CCND1 BCL1 PRAD1
P24468	NR2F2 ARP1 TFCOUP2
P24863	CCNC
P25208	NFYB HAP3
P25440	BRD2 KIAA9001 RING3
P25490	YY1 INO80S
P26358	DNMT1 AIM CXXC9 DNMT
P26367	PAX6 AN2
P26583	HMGB2 HMG2
P27540	ARNT BHLHE2
P27695	APEX1 APE APE1 APEX APX HAP1 REF1
P28069	POU1F1 GHF1 PIT1
P28324	ELK4 SAP1
P28347	TEAD1 TCF13 TEF1
P28356	HOXD9 HOX4C
P28358	HOXD10 HOX4D HOX4E
P28360	MSX1 HOX7
P28370	SMARCA1 SNF2L SNF2L1
P28482	MAPK1 ERK2 PRKM1 PRKM2
P28698	MZF1 MZF ZNF42 ZSCAN6
P28702	RXRB NR2B2
P28749	RBL1
P29083	GTF2E1 TF2E1
P29084	GTF2E2 TF2E2
P29374	ARID4A RBBP1 RBP1
P29375	KDM5A JARID1A RBBP2 RBP2
P29590	PML MYL PP8675 RNF71 TRIM19
P29692	EEF1D EF1D
P30281	CCND3
P31249	HOXD3 HOX1D HOX4A
P31260	HOXA10 HOX1H
P31268	HOXA7 HOX1A
P31269	HOXA9 HOX1G
P31270	HOXA11 HOX1I
P31271	HOXA13 HOX1J
P31273	HOXC8 HOX3A
P31274	HOXC9 HOX3B
P31276	HOXC13 HOX3G
P31629	HIVEP2
P32519	ELF1
P32780	GTF2H1 BTF2
P33076	CIITA MHC2TA
P35222	CTNNB1 CTNNB OK/SW-cl.35 PRO2286
P35226	BMI1 PCGF4 RNF51
P35227	PCGF2 MEL18 RNF110 ZNF144
P35251	RFC1 RFC140
P35269	GTF2F1 RAP74
P35398	RORA NR1F1 RZRA
P35452	HOXD12 HOX4H
P35453	HOXD13 HOX4I
P35548	MSX2 HOX8
P35638	DDIT3 CHOP CHOP10 GADD153
P35680	HNF1B TCF2
P35711	SOX5
P35712	SOX6
P35713	SOX18
P35716	SOX11
P35789	ZNF93 ZNF505
P35869	AHR BHLHE76
P36402	TCF7 TCF1
P36508	ZNF76 D6S229E ZNF523
P36956	SREBF1 BHLHD1 SREBP1
P37231	PPARG NR1C3
P37275	ZEB1 AREB6 TCF8
P38398	BRCA1 RNF53
P38935	IGHMBP2 SMBP2 SMUBP2
P39687	ANP32A C15orf1 LANP MAPM PHAP1
P39880	CUX1 CUTL1
P40305	IFI27
P40424	PBX1 PRL
P40425	PBX2 G17
P40426	PBX3
P40763	STAT3 APRF
P41134	ID1 BHLHB24 ID
P41162	ETV3 METS PE1
P41182	BCL6 BCL5 LAZ3 ZBTB27 ZNF51
P41212	ETV6 TEL TEL1
P41218	MNDA
P41223	BUD31 EDG2
P41225	SOX3
P41229	KDM5C DXS1272E JARID1C SMCX XE169
P41235	HNF4A HNF4 NR2A1 TCF14
P41970	ELK3 NET SAP2
P42224	STAT1
P42226	STAT6
P42229	STAT5A STAT5
P42568	MLLT3 AF9 YEATS3
P42681	TXK PTK4 RLK
P42704	LRPPRC LRP130
P43268	ETV4 E1AF PEA3
P43354	NR4A2 NOT NURR1 TINUR
P43355	MAGEA1 MAGE1 MAGE1A
P43356	MAGEA2 MAGE2 MAGEA2A; MAGEA2B MAGE2 MAGEA2
P43694	GATA4
P43699	NKX2-1 NKX2A TITF1 TTF1
P46100	ATRX RAD54L XH2
P46531	NOTCH1 TAN1
P46937	YAP1 YAP65
P47902	CDX1
P47928	ID4 BHLHB27
P48023	FASLG APT1LG1 CD95L FASL TNFSF6
P48378	RFX2
P48380	RFX3
P48382	RFX5
P48431	SOX2
P48436	SOX9
P48443	RXRG NR2B3
P48552	NRIP1
P48742	LHX1 LIM-1 LIM1
P49116	NR2C2 TAK1 TR4
P49335	POU3F4 BRN4 OTF9
P49336	CDK8
P49407	ARRB1 ARR1
P49591	SARS1 SARS SERS
P49639	HOXA1 HOX1F
P49711	CTCF
P49715	CEBPA CEBP
P49716	CEBPD
P49773	HINT1 HINT PKCI1 PRKCNH1
P49789	FHIT
P49848	TAF6 TAF2E TAFII70
P49903	SEPHS1 SELD SPS SPS1
P49910	ZNF165 ZPF165 ZSCAN7
P50219	MNX1 HLXB9
P50221	MEOX1 MOX1
P50222	MEOX2 GAX MOX2
P50458	LHX2 LH2
P50461	CSRP3 CLP MLP
P50539	MXI1 BHLHC11
P50548	ERF
P50549	ETV1 ER81
P50553	ASCL1 ASH1 BHLHA46 HASH1
P50613	CDK7 CAK CAK1 CDKN7 MO15 STK1
P50750	CDK9 CDC2L4 TAK
P51449	RORC NR1F3 RORG RZRG
P51531	SMARCA2 BAF190B BRM SNF2A SNF2L2
P51532	SMARCA4 BAF190A BRG1 SNF2B SNF2L4
P51608	MECP2
P51692	STAT5B
P51814	ZNF41
P51826	AFF3 LAF4
P51843	NR0B1 AHC DAX1
P51858	HDGF HMG1L2
P51946	CCNH
P51948	MNAT1 CAP35 MAT1 RNF66
P52564	MAP2K6 MEK6 MKK6 PRKMK6 SKK3
P52630	STAT2
P52655	GTF2A1 TF2A1
P52657	GTF2A2 TF2A2
P52736	ZNF133 ZNF150
P52738	ZNF140
P52739	ZNF131
P52742	ZNF135 ZNF61 ZNF78L1
P52744	ZNF138
P52747	ZNF143 SBF STAF
P52926	HMGA2 HMGIC
P52945	PDX1 IPF1 STF1
P52951	GBX2
P52954	LBX1 LBX1H
P53567	CEBPG
P53778	MAPK12 ERK6 SAPK3
P53999	SUB1 PC4 RPO2TC1
P54198	HIRA DGCR1 HIR TUPLE1
P54252	ATXN3 ATX3 MJD MJD1 SCA3
P54253	ATXN1 ATX1 SCA1
P54259	ATN1 D12S755E DRPLA
P54646	PRKAA2 AMPK AMPK2
P54845	NRL D14S46E
P55055	NR1H2 LXRB NER UNR
P55197	MLLT10 AF10
P55199	ELL C19orf17
P55201	BRPF1 BR140
P55316	FOXG1 FKH2 FKHL1 FKHL2 FKHL3 FKHL4 FOXG1A FOXG1B FOXG1C
P55317	FOXA1 HNF3A TCF3A
P55318	FOXA3 HNF3G TCF3G
P55347	PKNOX1 PREP1
P55771	PAX9
P56177	DLX1
P56178	DLX5
P56270	MAZ ZNF801
P56524	HDAC4 KIAA0288
P56545	CTBP2
P56645	PER3 GIG13
P56693	SOX10
P57055	RIPPLY3 DSCR6
P57071	PRDM15 C21orf83 ZNF298
P57073	SOX8
P57082	TBX4
P57682	KLF3 BKLF
P57764	GSDMD DFNA5L GSDMDC1 FKSG10
P58012	FOXL2
P58304	VSX2 CHX10 HOX10
P59817	ZNF280A SUHW1 ZNF280 ZNF636
P59923	ZNF445 ZFP445 ZKSCAN15 ZNF168
P60008	H1-9P H1-9 HILS1
P61244	MAX BHLHD4
P61296	HAND2 BHLHA26 DHAND
P61371	ISL1
P61457	PCBD1 DCOH PCBD
P61964	WDR5 BIG3
P61968	LMO4
P61978	HNRNPK HNRPK
P62380	TBPL1 TLF TLP TLP21 TRF2 TRP
P62508	ESRRG ERR3 ERRG2 KIAA0832 NR3B3
P62633	CNBP RNF163 ZNF9
P63167	DYNLL1 DLC1 DNCL1 DNCLC1 HDLC1
P63272	SUPT4H1 SPT4H SUPT4H
P67809	YBX1 NSEP1 YB1
P68036	UBE2L3 UBCE7 UBCH7
P68104	EEF1A1 EEF1A EF1A LENG7
P68400	CSNK2A1 CK2A1
P78317	RNF4 SNURF RES4-26
P78337	PITX1 BFT PTX1
P78347	GTF2I BAP135 WBSCR6
P78367	NKX3-2 BAPX1 NKX3B
P78395	PRAME MAPE OIP4
P78415	IRX3 IRXB1
P78424	POU6F2 RPF1
P78426	NKX6-1 NKX6A
P78543	BTG2 PC3
P78545	ELF3 ERT ESX JEN
P80192	MAP3K9 MLK1 PRKE1
P82094	TMF1 ARA160
P82979	SARNP HCC1 HSPC316
P84022	SMAD3 MADH3
P84550	SKOR1 CORL1 FUSSEL15 LBXCOR1
P85037	FOXK1 MNF
P86452	ZBED6
P98168	ZXDA
P98177	FOXO4 AFX AFX1 MLLT7
P98182	ZNF200 ZNFMF
Q00056	HOXA4 HOX1D
Q00059	TFAM TCF6 TCF6L2
Q00403	GTF2B TF2B TFIIB
Q00444	HOXC5 HOX3D
Q00577	PURA PUR1
Q00613	HSF1 HSTF1
Q00653	NFKB2 LYT10
Q00839	HNRNPU C1orf199 HNRPU SAFA U21.1
Q00978	IRF9 ISGF3G
Q01094	E2F1 RBBP3
Q01101	INSM1 IA1
Q01167	FOXK2 ILF ILF1
Q01196	RUNX1 AML1 CBFA2
Q01201	RELB
Q01538	MYT1 KIAA0835 KIAA1050 MTF1 MYTI PLPB1
Q01543	FLI1
Q01658	DR1
Q01664	TFAP4 BHLHC41
Q01826	SATB1
Q01831	XPC XPCC
Q01844	EWSR1 EWS
Q01851	POU4F1 BRN3A RDC1
Q01860	POU5F1 OCT3 OCT4 OTF3
Q01892	SPIB
Q01954	BNC1 BNC
Q02078	MEF2A MEF2
Q02080	MEF2B XMEF2
Q02086	SP2 KIAA0048
Q02363	ID2 BHLHB26
Q02446	SP4
Q02447	SP3
Q02535	ID3 1R21 BHLHB25 HEIR1
Q02548	PAX5
Q02556	IRF8 ICSBP1
Q02575	NHLH1 BHLHA35 HEN1
Q02577	NHLH2 BHLHA34 HEN2 KIAA0490
Q02930	CREB5 CREBPA
Q02962	PAX2
Q03014	HHEX HEX PRH PRHX
Q03052	POU3F1 OCT6 OTF6
Q03060	CREM
Q03111	MLLT1 ENL LTG19 YEATS1
Q03112	MECOM EVI1 MDS1 PRDM3
Q03164	KMT2A ALL1 CXXC7 HRX HTRX MLL MLL1 TRX1
Q03181	PPARD NR1C2 PPARB
Q03468	ERCC6 CSB
Q03701	CEBPZ CBF2
Q03923	ZNF85
Q03933	HSF2 HSTF2
Q03989	ARID5A MRF1
Q04206	RELA NFKB3
Q04721	NOTCH2
Q04724	TLE1
Q04725	TLE2
Q04726	TLE3 KIAA1547
Q04727	TLE4 GRG4 KIAA1261
Q04864	REL
Q05066	SRY TDF
Q05195	MXD1 MAD
Q05215	EGR4
Q05481	ZNF91
Q05516	ZBTB16 PLZF ZNF145
Q05BQ5	MBTD1
Q06187	BTK AGMX1 ATK BPK
Q06330	RBPJ IGKJRB IGKJRB1 RBPJK RBPSUH
Q06413	MEF2C
Q06416	POU5F1B OCT4PG1 OTF3C OTF3P1 POU5F1P1 POU5FLC20 POU5FLC8
Q06455	RUNX1T1 AML1T1 CBFA2T1 CDR ETO MTG8 ZMYND2
Q06546	GABPA E4TF1A
Q06547	GABPB1 E4TF1B GABPB GABPB2
Q06587	RING1 RING1A RNF1
Q06710	PAX8
Q06730	ZNF33A KIAA0065 KOX31 ZNF11 ZNF11A ZNF33
Q06889	EGR3 PILOT
Q06945	SOX4
Q07021	C1QBP GC1QBP HABP1 SF2P32
Q07666	KHDRBS1 SAM68
Q07687	DLX2
Q07869	PPARA NR1C1 PPAR
Q08050	FOXM1 FKHL16 HFH11 MPP2 WIN
Q08117	TLE5 AES GRG GRG5
Q08211	DHX9 DDX9 LKP NDH2
Q08945	SSRP1 FACT80
Q08999	RBL2 RB2
Q08AG5	ZNF844
Q09028	RBBP4 RBAP48
Q09472	EP300 P300
Q09FC8	ZNF415
Q0D2K3	RIPPLY1
Q0VG99	MESP2 BHLHC6 SCDO2
Q10571	MN1
Q10586	DBP
Q10587	TEF KIAA1655
Q12772	SREBF2 BHLHD2 SREBP2
Q12778	FOXO1 FKHR FOXO1A
Q12800	TFCP2 LSF SEF
Q12824	SMARCB1 BAF47 INI1 SNF5L1
Q12830	BPTF FAC1 FALZ
Q12837	POU4F2 BRN3B
Q12857	NFIA KIAA1439
Q12870	TCF15 BHLHA40 BHLHEC2
Q12872	SFSWAP SFRS8 SWAP
Q12873	CHD3
Q12888	TP53BP1
Q12901	ZNF155
Q12905	ILF2 NF45 PRO3063
Q12906	ILF3 DRBF MPHOSPH4 NF90
Q12946	FOXF1 FKHL5 FREAC1
Q12947	FOXF2 FKHL6 FREAC2
Q12948	FOXC1 FKHL7 FREAC3
Q12951	FOXI1 FKHL10 FREAC6
Q12952	FOXL1 FKHL11 FREAC7
Q12962	TAF10 TAF2A TAF2H TAFII30
Q12968	NFATC3 NFAT4
Q12972	PPP1R8 ARD1 NIPP1
Q12986	NFX1 NFX2
Q13029	PRDM2 KMT8 RIZ
Q13045	FLII FLIL
Q13105	ZBTB17 MIZ1 ZNF151 ZNF60
Q13118	KLF10 TIEG TIEG1
Q13127	REST NRSF XBR
Q13129	RLF
Q13131	PRKAA1 AMPK1
Q13133	NR1H3 LXRA
Q13148	TARDBP TDP43
Q13185	CBX3
Q13207	TBX2
Q13227	GPS2
Q13263	TRIM28 KAP1 RNF96 TIF1B
Q13285	NR5A1 AD4BP FTZF1 SF1
Q13330	MTA1
Q13351	KLF1 EKLF
Q13352	ITGB3BP CENPR NRIF3
Q13360	ZNF177
Q13363	CTBP1 CTBP
Q13398	ZNF211
Q13422	IKZF1 IK1 IKAROS LYF1 ZNFN1A1
Q13461	FOXE3 FKHL12 FREAC8
Q13469	NFATC2 NFAT1 NFATP
Q13485	SMAD4 DPC4 MADH4
Q13487	SNAPC2 SNAP45
Q13490	BIRC2 API1 MIHB RNF48
Q13495	MAMLD1 CG1 CXorf6
Q13503	MED21 SRB7 SURB7
Q13506	NAB1
Q13516	OLIG2 BHLHB1 BHLHE19 PRKCBP2 RACK17
Q13547	HDAC1 RPD3L1
Q13562	NEUROD1 BHLHA3 NEUROD
Q13568	IRF5
Q13569	TDG
Q13573	SNW1 SKIIP SKIP
Q13610	PWP1
Q13627	DYRK1A DYRK MNB MNBH
Q13643	FHL3 SLIM2
Q13686	ALKBH1 ABH ABH1 ALKBH
Q13761	RUNX3 AML2 CBFA3 PEBP2A3
Q13772	NCOA4 ARA70 ELE1 RFG
Q13886	KLF9 BTEB BTEB1
Q13887	KLF5 BTEB2 CKLF IKLF
Q13888	GTF2H2 BTF2P44
Q13889	GTF2H3
Q13901	C1D
Q13950	RUNX2 AML3 CBFA1 OSF2 PEBP2A
Q13952	NFYC
Q14005	IL16
Q14103	HNRNPD AUF1 HNRPD
Q14119	VEZF1 DB1 ZNF161
Q14135	VGLL4 KIAA0121
Q14140	SERTAD2 KIAA0127 TRIPBR2
Q14151	SAFB2 KIAA0138
Q14186	TFDP1 DP1
Q14188	TFDP2 DP2
Q14190	SIM2 BHLHE15
Q14192	FHL2 DRAL SLIM3
Q14207	NPAT CAND3 E14
Q14209	E2F2
Q14241	ELOA TCEB3 MSTP059
Q14469	HES1 BHLHB39 HL HRY
Q14494	NFE2L1 HBZ17 NRF1 TCF11
Q14498	RBM39 HCC1 RNPC2
Q14526	HIC1 ZBTB29
Q14541	HNF4G NR2A2
Q14584	ZNF266 KIAA2007
Q14585	ZNF345
Q14587	ZNF268
Q14592	ZNF460 ZNF272
Q14653	IRF3
Q14678	KANK1 ANKRD15 KANK KIAA0172
Q14684	RRP1B KIAA0179
Q14686	NCOA6 AIB3 KIAA0181 RAP250 TRBP
Q14693	LPIN1 KIAA0188
Q14765	STAT4
Q14774	HLX HLX1
Q14781	CBX2
Q14814	MEF2D
Q14839	CHD4
Q14863	POU6F1 BRN5 MPOU TCFB1
Q14865	ARID5B DESRT MRF2
Q14872	MTF1
Q14919	DRAP1
Q14929	ZNF169
Q14934	NFATC4 NFAT3
Q14938	NFIX
Q14966	ZNF638 NP220 ZFML
Q14994	NR1I3 CAR
Q14995	NR1D2
Q14CW9	ATXN7L3
Q15014	MORF4L2 KIAA0026 MRGX
Q15022	SUZ12 CHET9 JJAZ1 KIAA0160
Q15047	SETDB1 ESET KIAA0067 KMT1E
Q15059	BRD3 KIAA0043 RING3L
Q15061	WDR43 KIAA0007 UTP5
Q15170	TCEAL1 SIIR
Q15233	NONO NRB54
Q15291	RBBP5 RBQ3
Q15303	ERBB4 HER4
Q15306	IRF4 MUM1
Q15319	POU4F3 BRN3C
Q15326	ZMYND11 BRAM1 BS69
Q15329	E2F5
Q15361	TTF1
Q15369	ELOC TCEB1
Q15370	ELOB TCEB2
Q15406	NR6A1 GCNF
Q15424	SAFB HAP HET SAFB1
Q15466	NR0B2 SHP
Q15475	SIX1
Q15528	MED22 SURF5
Q15532	SS18 SSXT SYT
Q15542	TAF5 TAF2D
Q15543	TAF13 TAF2K TAFII18
Q15544	TAF11 TAF2I PRO2134
Q15545	TAF7 TAF2F TAFII55
Q15560	TCEA2
Q15561	TEAD4 RTEF1 TCF13L1 TEF3
Q15562	TEAD2 TEF4
Q15572	TAF1C
Q15573	TAF1A
Q15583	TGIF1 TGIF
Q15596	NCOA2 BHLHE75 SRC2 TIF2
Q15637	SF1 ZFM1 ZNF162
Q15648	MED1 ARC205 CRSP1 CRSP200 DRIP205 DRIP230 PBP PPARBP PPARGBP RB18A TRAP220 TRIP2
Q15650	TRIP4 RQT4
Q15652	JMJD1C JHDM2C KDM3C KIAA1380 TRIP8
Q15654	TRIP6 OIP1
Q15672	TWIST1 BHLHA38 TWIST
Q15678	PTPN14 PEZ PTPD2
Q15697	ZNF174 ZSCAN8
Q15699	ALX1 CART1
Q15714	TSC22D1 KIAA1994 TGFB1I4 TSC22 hucep-2
Q15723	ELF2 NERF
Q15742	NAB2 MADER
Q15744	CEBPE
Q15759	MAPK11 PRKM11 SAPK2 SAPK2B
Q15776	ZKSCAN8 ZNF192
Q15784	NEUROD2 BHLHA1 NDRF
Q15788	NCOA1 BHLHE74 SRC1
Q15796	SMAD2 MADH2 MADR2
Q15797	SMAD1 BSP1 MADH1 MADR1
Q15834	CCDC85B DIPA
Q15853	USF2 BHLHB12
Q15906	VPS72 TCFL1 YL1
Q15910	EZH2 KMT6
Q15911	ZFHX3 ATBF1 C16orf47
Q15915	ZIC1 ZIC ZNF201
Q15916	ZBTB6 ZID ZNF482
Q15928	ZNF141 D4S90
Q15973	ZNF124
Q16236	NFE2L2 NRF2
Q16254	E2F4
Q16384	SSX1
Q16385	SSX2 SSX2A; SSX2B
Q16512	PKN1 PAK1 PKN PRK1 PRKCL1
Q16513	PKN2 PRK2 PRKCL2
Q16514	TAF12 TAF15 TAF2J TAFII20
Q16520	BATF
Q16526	CRY1 PHLL1
Q16533	SNAPC1 SNAP43
Q16534	HLF
Q16539	MAPK14 CSBP CSBP1 CSBP2 CSPB1 MXI2 SAPK2A
Q16576	RBBP7 RBAP46
Q16587	ZNF74 ZNF520
Q16594	TAF9 TAF2G TAFII31
Q16600	ZNF239 HOK2 MOK2
Q16621	NFE2
Q16633	POU2AF1 BOB1 OBF1
Q16649	NFIL3 E4BP4 IL3BP1
Q16650	TBR1
Q16656	NRF1
Q16665	HIF1A BHLHE78 MOP1 PASD8
Q16666	IFI16 IFNGIP1
Q16670	ZSCAN26 ZNF187
Q16676	FOXD1 FKHL8 FREAC4
Q16849	PTPRN ICA3 ICA512
Q17R98	ZNF827
Q2KHR2	RFX7 RFXDC2
Q2M1K9	ZNF423 KIAA0760 NPHP14 OAZ
Q2QGD7	ZXDC ZXDL
Q2TAL8	QRICH1
Q2VWA4	SKOR2 CORL2 FUSSEL18
Q32MQ0	ZNF750
Q32MZ4	LRRFIP1 GCF2 TRIP
Q33E94	RFX4
Q3B7T1	EDRF1 C10orf137
Q3KNS6	ZNF829
Q3KNV8	PCGF3 RNF3 RNF3A
Q3KQV3	ZNF792
Q3L8U1	CHD9 KIAA0308 KISH2 PRIC320 AD-013 x0008
Q3MJ62	ZSCAN23 ZNF390 ZNF453
Q3SY56	SP6 KLF14
Q3SYB3	FOXD4L6
Q3T8J9	GON4L GON4 KIAA1606 YARP
Q460N3	PARP15 BAL3
Q460N5	PARP14 BAL2 KIAA1268
Q49AM1	MTERF2 MTERFD3
Q49AN0	CRY2 KIAA0658
Q4FZB7	KMT5B SUV420H1 CGI-85
Q4G0J3	LARP7 HDCMA18P
Q4LE39	ARID4B BRCAA1 RBBP1L1 RBP1L1 SAP180
Q4VC44	FLYWCH1 KIAA1552
Q53ET0	CRTC2 TORC2
Q53H80	AKIRIN2 C6orf166
Q53QV2	LBH
Q53T94	TAF1B
Q53TQ3	INO80D
Q58F21	BRDT
Q5BKX8	CAVIN4 MURC
Q5BKZ1	ZNF326 ZIRD
Q5D1E8	ZC3H12A MCPIP MCPIP1
Q5H9F3	BCORL1
Q5H9I0	TFDP3 DP4 HCA661
Q5H9L4	TAF7L TAF2Q
Q5JUK2	SOHLH1 C9orf157 NOHLH TEB2
Q5JVS0	HABP4
Q5PRF9	SAMD4B SMAUG2
Q5PSV4	BRMS1L
Q5QGS0	NEXMIF KIAA2022
Q5QJE6	DNTTIP2 ERBP TDIF2
Q5SQQ9	VAX1
Q5SXM2	SNAPC4 SNAP190
Q5T0F9	CC2D1B KIAA1836 LGD1
Q5T1R4	HIVEP3 KBP1 KIAA1555 KRC ZAS3
Q5T230	UTF1
Q5T3J3	LRIF1 C1orf103 RIF1
Q5T5X7	BEND3 KIAA1553
Q5T619	ZNF648
Q5T6S3	PHF19 PCL3
Q5T7W0	ZNF618 KIAA1952
Q5TA89	HES5 BHLHB38
Q5TB30	DEPDC1 DEPDC1A
Q5TGY3	AHDC1
Q5THR3	EFCAB6 DJBP KIAA1672
Q5VTD9	GFI1B
Q5VUA4	ZNF318 HRIHFB2436
Q5VV67	PPRC1 KIAA0595
Q5VVJ2	MYSM1 KIAA1915
Q5VWG9	TAF3
Q5VWX1	KHDRBS2 SLM1
Q5VY09	IER5 PP4583 SBBI48
Q5XKR4	OTP
Q63HK5	TSHZ3 KIAA1474 TSH3 ZNF537
Q63ZY3	KANK2 ANKRD25 KIAA1518 MXRA3 SIP
Q659A1	ICE2 BRCC1 NARG2 UNQ3101/PRO10100
Q66K89	E4F1 E4F
Q68CJ9	CREB3L3 CREBH HYST1481
Q68CP9	ARID2 BAF200 KIAA1557
Q68D10	SPTY2D1
Q68EA5	ZNF57 ZNF424
Q68G74	LHX8
Q6AWC2	WWC2 BOMB
Q6B0I6	KDM4D JHDM3D JMJD2D
Q6DJT9	PLAG1
Q6ECI4	ZNF470 CZF1
Q6IE81	JADE1 KIAA1807 PHF17
Q6ISB3	GRHL2 BOM TFCP2L3
Q6KC79	NIPBL IDN3 SCC2
Q6MZP7	LIN54 CXCDC1 KIAA2037
Q6N043	ZNF280D KIAA1584 SUHW4 ZNF634
Q6NSW7	NANOGP8
Q6NT76	HMBOX1 HOT1 TAH1
Q6NUJ5	PWWP2B PWWP2
Q6NUN9	ZNF746 PARIS
Q6NX45	ZNF774
Q6NYC1	JMJD6 KIAA0585 PSR PTDSR
Q6NZI2	CAVIN1 PTRF FKSG13
Q6P1J9	CDC73 C1orf28 HRPT2
Q6P1K2	PMF1
Q6P1L6	ZNF343
Q6P1N0	CC2D1A AKI1 LGD2
Q6P1X5	TAF2 CIF150 TAF2B
Q6P2C8	MED27 CRSP34 CRSP8
Q6P2D0	ZFP1 ZNF475
Q6P4R8	NFRKB INO80G
Q6P9G9	ZNF449 ZSCAN19
Q6PD62	CTR9 KIAA0155 SH2BP1
Q6PEW1	ZCCHC12 SIZN1
Q6PI98	INO80C C18orf37
Q6PIV2	FOXR1 FOXN5 DLNB13
Q6PL18	ATAD2 L16 PRO2000
Q6PML9	SLC30A9 C4orf1 HUEL
Q6Q0C0	TRAF7 RFWD1 RNF119
Q6QHK4	FIGLA BHLHC8
Q6RFH8	DUX4L9 DUX4C
Q6STE5	SMARCD3 BAF60C
Q6U7Q0	ZNF322 ZNF322A ZNF388 ZNF489
Q6UUV7	CRTC3 TORC3
Q6UUV9	CRTC1 KIAA0616 MECT1 TORC1 WAMTP1
Q6UXN9	WDR82 SWD2 TMEM113 WDR82A UNQ9342/PRO34047
Q6VMQ6	ATF7IP MCAF MCAF1
Q6W2J9	BCOR KIAA1575
Q6XD76	ASCL4 BHLHA44 HASH4
Q6ZMS7	ZNF783
Q6ZMT4	KDM7A JHDM1D KDM7 KIAA1718
Q6ZN18	AEBP2
Q6ZN30	BNC2
Q6ZN57	ZFP2 ZNF751
Q6ZNG0	ZNF620
Q6ZNH5	ZNF497
Q6ZRS2	SRCAP KIAA0309
Q6ZSB9	ZBTB49 ZNF509
Q6ZSZ6	TSHZ1 SDCCAG33 TSH1
Q6ZVD7	STOX1 C10orf24
Q6ZW49	PAXIP1 PAXIP1L PTIP CAGF28
Q6ZYL4	GTF2H5 C6orf175 TTDA
Q70SY1	CREB3L2 BBF2H7
Q719H9	KCTD1 C18orf5
Q71F23	CENPU ICEN24 KLIP1 MLF1IP PBIP1
Q71F56	MED13L KIAA1025 PROSIT240 THRAP2 TRAP240L
Q71SY5	MED25 ACID1 ARC92 PTOV2 TCBAP0758
Q76L83	ASXL2 ASXH2 KIAA1685
Q76MJ5	ERN2 IRE2
Q7KZF4	SND1 TDRD11
Q7L190	DPPA4
Q7L1Q6	BZW1 5MP2 BZAP45 KIAA0005
Q7L2R6	ZNF765
Q7L4P6	BEND5 C1orf165
Q7LBC6	KDM3B C5orf7 JHDM2B JMJD1B KIAA1082
Q7RTS1	BHLHA15 BHLHB8 MIST1
Q7RTS3	PTF1A BHLHA29 PTF1P48
Q7RTU3	OLIG3 BHLHB7 BHLHE20
Q7RTU4	BHLHA9 BHLHF42
Q7RTU7	SCX BHLHA41 BHLHA48 SCXA SCXB
Q7RTV0	PHF5A
Q7Z3I7	ZNF572
Q7Z3K6	MIER3
Q7Z401	DENND4A IRLB MYCPBP
Q7Z4G1	COMMD6 MSTP076
Q7Z4V0	ZNF438
Q7Z589	EMSY C11orf30 GL002
Q7Z591	AKNA KIAA1968
Q7Z5H3	ARHGAP22 RHOGAP2
Q7Z5L9	IRF2BP2
Q7Z6K1	THAP5
Q7Z6R9	TFAP2D TFAP2BL1
Q7Z7C7	STRA8
Q7Z7C8	TAF8 TAFII43 TBN
Q86SE9	PCGF5 RNF159
Q86T24	ZBTB33 KAISO ZNF348
Q86TJ2	TADA2B ADA2B
Q86U06	RBM23 RNPC4 PP239
Q86U86	PBRM1 BAF180 PB1
Q86UD4	ZNF329
Q86UP3	ZFHX4
Q86UQ8	NFE4
Q86UU0	BCL9L DLNB11
Q86UZ6	ZBTB46 BTBD4 ZNF340
Q86V15	CASZ1 CST SRG ZNF693
Q86VE0	MYPOP P42POP
Q86VK4	ZNF410 APA1
Q86VN1	VPS36 C13orf9 EAP45 CGI-145
Q86VX2	COMMD7 C20orf92
Q86VZ6	JAZF1 TIP27 ZNF802
Q86W11	ZSCAN30 ZNF397OS
Q86W54	SPATA24
Q86WP2	GPBP1 GPBP SSH6
Q86X55	CARM1 PRMT4
Q86X95	CIRSR CIR CIR1
Q86XF7	ZNF575
Q86XK3	SFR1 C10orf78 MEI5 MEIR5
Q86Y25	ZNF354C KID3
Q86Y97	KMT5C SUV420H2 PP7130
Q86YD1	PTOV1 ACID2 PP642 UNQ6127/PRO20092
Q86YN6	PPARGC1B PERC PGC1 PGC1B PPARGC1
Q86YP4	GATAD2A
Q86YW9	MED12L KIAA1635 TNRC11L TRALP TRALPUSH PRO0314
Q86Z02	HIPK1 KIAA0630 MYAK NBAK2
Q8HWS3	RFX6 RFXDC1
Q8IU81	IRF2BP1
Q8IUF8	RIOX2 MDIG MINA MINA53 NO52
Q8IUM7	NPAS4 BHLHE79 NXF PASD10
Q8IUR6	CREBRF C5orf41
Q8IUX7	AEBP1 ACLP
Q8IVH2	FOXP4 FKHLA
Q8IVP9	ZNF547
Q8IVW6	ARID3B BDP DRIL2
Q8IWA0	WDR75 UTP17
Q8IWI9	MGA KIAA0518 MAD5
Q8IWS0	PHF6 CENP-31 KIAA1823
Q8IX03	WWC1 KIAA0869 KIBRA
Q8IX07	ZFPM1 FOG1 ZFN89A
Q8IX12	CCAR1 CARP1 DIS
Q8IX15	HOMEZ KIAA1443
Q8IXF0	NPAS3 BHLHE12 MOP6 PASD6
Q8IXH6	TP53INP2 C20orf110 DOR PINH
Q8IXH7	NELFCD NELFD TH1 TH1L HSPC130
Q8IXJ6	SIRT2 SIR2L SIR2L2
Q8IXJ9	ASXL1 KIAA0978
Q8IXP5	POU2AF2 C11orf53
Q8IXW5	RPAP2 C1orf82
Q8IY57	YAF2
Q8IYF1	ELOA2 TCEB3B TCEB3L
Q8IYH5	ZZZ3
Q8IYI8	ZNF440
Q8IYM9	TRIM22 RNF94 STAF50
Q8IYU2	HACE1 KIAA1320
Q8IZ20	ZNF683
Q8IZC7	ZNF101
Q8IZD2	KMT2E MLL5
Q8IZL2	MAML2 KIAA1819
Q8IZQ8	MYOCD MYCD
Q8IZX4	TAF1L
Q8N0Y2	ZNF444 EZF2 ZSCAN17
Q8N100	ATOH7 ATH5 BHLHA13
Q8N108	MIER1 KIAA1610
Q8N140	EID3
Q8N163	CCAR2 DBC1 KIAA1967
Q8N187	CARF ALS2CR8
Q8N196	SIX5 DMAHP
Q8N1G0	ZNF687 KIAA1441
Q8N1L9	BATF2
Q8N2W9	PIAS4 PIASG
Q8N344	MIER2 KIAA1193
Q8N371	KDM8 JMJD5
Q8N393	ZNF786
Q8N488	RYBP DEDAF YEAF1
Q8N554	ZNF276 CENP-Z ZFP276 ZNF477
Q8N5A5	ZGPAT GPATC6 GPATCH6 KIAA1847 ZC3H9 ZC3HDC9 ZIP
Q8N5F7	NKAP
Q8N5P1	ZC3H8 ZC3HDC8
Q8N5Y2	MSL3 MSL3L1
Q8N668	COMMD1 C2orf5 MURR1
Q8N680	ZBTB2 KIAA1483 ZNF437
Q8N693	ESX1 ESX1L ESX1R
Q8N6I1	EID2 CRI2
Q8N720	ZNF655 VIK
Q8N726	CDKN2A CDKN2 MLM
Q8N7H5	PAF1 PD2
Q8N7U7	TPRX1
Q8N895	ZNF366
Q8N8E2	ZNF513
Q8N9N2	ASCC1 CGI-18
Q8N9N5	BANP BEND1 SMAR1
Q8N9R8	SCAI C9orf126
Q8NA42	ZNF383 HSD17
Q8NAM6	ZSCAN4 ZNF494
Q8NAP3	ZBTB38
Q8NAP8	ZBTB8B
Q8NB12	SMYD1
Q8NB15	ZNF511
Q8NB78	KDM1B AOF1 C6orf193 LSD2
Q8NBB4	ZSCAN1
Q8NBF1	GLIS1
Q8NBZ0	INO80E CCDC95
Q8NC26	ZNF114
Q8NCP5	ZBTB44 BTBD15 ZNF851
Q8NDN9	RCBTB1 CLLD7 E4.5
Q8NDP4	ZNF439
Q8NDQ6	ZNF540 Nbla10512
Q8NDT2	RBM15B OTT3
Q8NEA6	GLIS3 ZNF515
Q8NEY8	PPHLN1 HSPC206 HSPC232
Q8NEZ4	KMT2C HALR KIAA1506 MLL3
Q8NF64	ZMIZ2 KIAA1886 ZIMP7 HRIHFB2007
Q8NF99	ZNF397 ZNF47 ZSCAN15
Q8NFD5	ARID1B BAF250B DAN15 KIAA1235 OSA2
Q8NFU7	TET1 CXXC6 KIAA1676 LCX
Q8NFW5	DMBX1 MBX OTX3 PAXB
Q8NFZ5	TNIP2 ABIN2 FLIP1
Q8NHM5	KDM2B CXXC2 FBL10 FBXL10 JHDM1B NDY1 PCCX2
Q8NHV9	RHOXF1 OTEX PEPP1
Q8NHW3	MAFA
Q8NI08	NCOA7 ERAP140 ESNA1 Nbla00052 Nbla10993
Q8NI51	CTCFL BORIS
Q8TAK6	OLIG1 BHLHB6 BHLHE21
Q8TAP4	LMO3 RBTN3 RBTNL2 RHOM3
Q8TAQ2	SMARCC2 BAF170
Q8TAU0	NKX2-3 NKX23 NKX2C
Q8TAU3	ZNF417
Q8TAX0	OSR1 ODD
Q8TBC5	ZSCAN18 ZNF447
Q8TBE0	BAHD1 KIAA0945
Q8TBJ5	FEZF2 FEZL ZNF312 FKSG36
Q8TBZ8	ZNF564
Q8TD17	ZNF398 KIAA1339 ZER6
Q8TD23	ZNF675 TIZ
Q8TD26	CHD6 CHD5 KIAA1335 RIGB
Q8TDD1	DDX54
Q8TDD2	SP7 OSX
Q8TDG2	ACTRT1 ARPT1 HSD27
Q8TDI0	CHD5 KIAA0444
Q8TDR4	TCP10L PRED77
Q8TDY2	RB1CC1 KIAA0203 RBICC
Q8TE12	LMX1A
Q8TE85	GRHL3 SOM TFCP2L4
Q8TED0	UTP15
Q8TEV9	SMCR8
Q8TEY5	CREB3L4 AIBZIP CREB4 JAL
Q8TF47	ZFP90 KIAA1954 ZNF756
Q8TF50	ZNF526 KIAA1951
Q8TF63	DCANP1 C5orf20 DCNP1
Q8WTS6	SETD7 KIAA1717 KMT7 SET7 SET9
Q8WUB8	PHF10 BAF45A
Q8WUF5	PPP1R13L IASPP NKIP1 PPP1R13BL RAI
Q8WUI4	HDAC7 HDAC7A
Q8WUU4	ZNF296 ZNF342
Q8WV37	ZNF480
Q8WVC0	LEO1 RDL
Q8WVJ9	TWIST2 BHLHA39 DERMO1
Q8WVM0	TFB1M CGI-75
Q8WW38	ZFPM2 FOG2 ZNF89B
Q8WWY6	MBD3L1 MBD3L
Q8WX92	NELFB COBRA1 KIAA1182
Q8WXF1	PSPC1 PSP1
Q8WXF8	DEDD2 FLAME3 PSEC0004
Q8WXI9	GATAD2B KIAA1150
Q8WXX7	AUTS2 KIAA0442
Q8WY36	BBX HBP2
Q8WYA1	BMAL2 ARNTL2 BHLHE6 CLIF MOP9 PASD9
Q8WYB5	KAT6B KIAA0383 MORF MOZ2 MYST4
Q8WYH8	ING5
Q8WYK2	JDP2
Q92481	TFAP2B
Q92499	DDX1
Q92539	LPIN2 KIAA0249
Q92541	RTF1 KIAA0252
Q92570	NR4A3 CHN CSMF MINOR NOR1 TEC
Q92585	MAML1 KIAA0200
Q92600	CNOT9 RCD1 RQCD1
Q92618	ZNF516 KIAA0222
Q92681	RSC1A1
Q92731	ESR2 ESTRB NR3A2
Q92748	THRSP
Q92750	TAF4B TAF2C2 TAFII105
Q92753	RORB NR1F2 RZRB
Q92754	TFAP2C
Q92759	GTF2H4
Q92766	RREB1 FINB
Q92769	HDAC2
Q92782	DPF1 BAF45B NEUD4
Q92784	DPF3 BAF45C CERD4
Q92785	DPF2 BAF45D REQ UBID4
Q92786	PROX1
Q92793	CREBBP CBP
Q92794	KAT6A MOZ MYST3 RUNXBP2 ZNF220
Q92800	EZH1 KIAA0388
Q92826	HOXB13
Q92830	KAT2A GCN5 GCN5L2
Q92831	KAT2B PCAF
Q92833	JARID2 JMJ
Q92841	DDX17
Q92858	ATOH1 ATH1 BHLHA14
Q92886	NEUROG1 BHLHA6 NEUROD3 NGN NGN1
Q92908	GATA6
Q92922	SMARCC1 BAF155
Q92925	SMARCD2 BAF60B PRO2451
Q92945	KHSRP FUBP2
Q92949	FOXJ1 FKHL13 HFH4
Q92966	SNAPC3 SNAP50
Q92985	IRF7
Q92993	KAT5 HTATIP TIP60
Q92994	BRF1 BRF GTF3B TAF3B2 TAF3C
Q93062	RBPMS HERMES
Q93074	MED12 ARC240 CAGH45 HOPA KIAA0192 TNRC11 TRAP230
Q969G2	LHX4
Q969J2	ZKSCAN4 ZNF307 ZNF427
Q969R5	L3MBTL2
Q969V6	MRTFA KIAA1438 MAL MKL1
Q969X6	UTP4 CIRH1A cPERP-E KIAA1988
Q96A56	TP53INP1 P53DINP1 SIP
Q96AE4	FUBP1
Q96AQ7	CIDEC FSP27
Q96AV8	E2F7
Q96AW1	VOPP1 ECOP GASP
Q96BA8	CREB3L1 OASIS PSEC0238
Q96BD5	PHF21A BHC80 KIAA1696 BM-006
Q96BF6	NACC2 BTBD14A NAC2 RBB
Q96BN2	TADA1 TADA1L
Q96BR6	ZNF669
Q96BR9	ZBTB8A BOZF1
Q96C00	ZBTB9
Q96C55	ZNF524
Q96CJ1	EAF2 TRAITS BM-040
Q96CK0	ZNF653 ZIP67
Q96D98	EID2B EID3
Q96DB2	HDAC11
Q96DT7	ZBTB10 RINZF RINZFC
Q96E29	MTERF3 MTERFD1 CGI-12
Q96EB6	SIRT1 SIR2L1
Q96EG3	ZNF837
Q96EK4	THAP11 HRIHFB2206
Q96ES7	SGF29 CCDC101
Q96EZ8	MCRS1 INO80Q MSP58
Q96F24	NRBF2 COPR
Q96F45	ZNF503 NOLZ1
Q96FC9	DDX11 CHL1 CHLR1 KRG2
Q96FV9	THOC1 HPR1
Q96G25	MED8
Q96GC6	ZNF274 ZKSCAN19 SP2114
Q96GD3	SCMH1
Q96GN5	CDCA7L HR1 JPO2 R1
Q96H20	SNF8 EAP30
Q96H86	ZNF764
Q96HR3	MED30 THRAP6 TRAP25
Q96HZ4	HES6 BHLHB41
Q96I24	FUBP3 FBP3
Q96I76	GPATCH3 GPATC3
Q96IF1	AJUBA JUB
Q96IQ9	ZNF414
Q96IS3	RAX2 QRX RAXL1
Q96IT1	ZNF496 ZKSCAN17
Q96IZ0	PAWR PAR4
Q96JB3	HIC2 HRG22 KIAA1020 ZBTB30
Q96JC9	EAF1
Q96JG9	ZNF469 KIAA1858
Q96JK9	MAML3 KIAA1816
Q96JL9	ZNF333 KIAA1806
Q96JM2	ZNF462 KIAA1803
Q96JM7	L3MBTL3 KIAA1798 MBT1
Q96JN0	LCOR C10orf12 KIAA1795 MLR2
Q96JP5	ZFP91 ZNF757 FKSG11
Q96K58	ZNF668
Q96K83	ZNF521 EHZF LIP3
Q96KG9	SCYL1 CVAK90 GKLP NTKL TAPK TEIF TRAP HT019
Q96KM6	ZNF512B KIAA1196
Q96L73	NSD1 ARA267 KMT3B
Q96LA8	PRMT6 HRMT1L6
Q96LI5	CNOT6L CCR4B
Q96LI6	HSFY1 HSF2L HSFY; HSFY2 HSF2L HSFY
Q96LX8	ZNF597
Q96MA1	DMRTB1
Q96MH2	HEXIM2 L3
Q96MM3	ZFP42 REX1 ZNF754
Q96MN9	ZNF488
Q96MX3	ZNF48 ZNF553
Q96N58	ZNF578
Q96N64	PWWP2A KIAA1935 MST101
Q96N77	ZNF641
Q96N95	ZNF396 ZSCAN14
Q96NG5	ZNF558
Q96NL3	ZNF599
Q96NM4	TOX2 C20orf100 GCX1
Q96NU1	SAMD11
Q96NZ1	FOXN4
Q96P20	NLRP3 C1orf7 CIAS1 NALP3 PYPAF1
Q96PK6	RBM14 SIP
Q96PM9	ZNF385A HZF RZF ZNF385
Q96PN7	TRERF1 BCAR2 RAPA TREP132
Q96PQ6	ZNF317 KIAA1588
Q96QE5	TEFM C17orf42
Q96QR8	PURB
Q96QS3	ARX
Q96QT6	PHF12 KIAA1523
Q96RE7	NACC1 BTBD14B NAC1
Q96RE9	ZNF300
Q96RI1	NR1H4 BAR FXR HRR1 RIP14
Q96RJ6	FERD3L BHLHA31 NATO3 NTWIST
Q96RK0	CIC KIAA0306
Q96RL1	UIMC1 RAP80 RXRIP110
Q96RN5	MED15 ARC105 CTG7A PCQAP TIG1 TNRC7
Q96RS0	TGS1 HCA137 NCOA6IP PIMT
Q96RU7	TRIB3 C20orf97 NIPK SKIP3 TRB3
Q96RY5	CRAMP1 C16orf34 CRAMP1L HN1L KIAA1426
Q96S65	CSRNP1 AXUD1 TAIP3
Q96S94	CCNL2 SB138
Q96SF7	TBX15 TBX14
Q96SQ5	ZNF587
Q96SQ7	ATOH8 ATH6 BHLHA21
Q96ST2	IWS1 IWS1L
Q96ST3	SIN3A
Q96SZ4	ZSCAN10 ZNF206
Q96T23	RSF1 HBXAP XAP8
Q96T58	SPEN KIAA0929 MINT SHARP
Q96T76	MMS19 MMS19L
Q96T88	UHRF1 ICBP90 NP95 RNF106
Q99081	TCF12 BHLHB20 HEB HTF4
Q99417	MYCBP AMY1
Q99453	PHOX2B PMX2B
Q99459	CDC5L KIAA0432 PCDC5RP
Q99466	NOTCH4 INT3
Q99496	RNF2 BAP1 DING HIPI3 RING1B
Q99502	EYA1
Q99504	EYA3
Q99543	DNAJC2 MPHOSPH11 MPP11 ZRF1
Q99549	MPHOSPH8 MPP8
Q99551	MTERF1 MTERF
Q99581	FEV PET1
Q99583	MNT BHLHD3 ROX
Q99592	ZBTB18 RP58 TAZ1 ZNF238
Q99593	TBX5
Q99594	TEAD3 TEAD5 TEF5
Q99607	ELF4 ELFR MEF
Q99608	NDN
Q99612	KLF6 BCD1 COPEB CPBP ST12
Q99623	PHB2 BAP REA
Q99626	CDX2 CDX3
Q99684	GFI1 ZNF163
Q99717	SMAD5 MADH5
Q99732	LITAF PIG7 SIMPLE
Q99743	NPAS2 BHLHE9 MOP4 PASD4
Q99801	NKX3-1 NKX3.1 NKX3A
Q99814	EPAS1 BHLHE73 HIF2A MOP2 PASD2
Q99829	CPNE1 CPN1
Q99853	FOXB1 FKH5
Q99856	ARID3A DRIL1 DRIL3 DRX E2FBP1
Q99909	SSX3
Q99941	ATF6B CREBL1 G13
Q99958	FOXC2 FKHL14 MFH1
Q99966	CITED1 MSG1
Q99967	CITED2 MRG1
Q99990	VGLL1 TDU
Q9BPY8	HOPX HOD HOP LAGY NECC1 OB1
Q9BQ70	TCF25 KIAA1049 NULP1 FKSG26
Q9BQ87	TBL1Y TBL1
Q9BQA5	HINFP MIZF ZNF743
Q9BQG0	MYBBP1A P160
Q9BQW3	EBF4 COE4 KIAA1442
Q9BR39	JPH2 JP2
Q9BRG1	VPS25 DERP9 EAP20
Q9BRJ9	MESP1 BHLHC5
Q9BRP0	OVOL2 ZNF339
Q9BRR0	ZKSCAN3 ZFP47 ZNF306 ZNF309 ZSCAN13
Q9BS31	ZNF649
Q9BS34	ZNF670
Q9BSG1	ZNF2 ZNF661
Q9BSM1	PCGF1 NSPC1 RNF68
Q9BT49	THAP7
Q9BT81	SOX7
Q9BTA9	WAC KIAA1844
Q9BTK6	PAGR1 C16orf53 PA1
Q9BTP6	ZBED2
Q9BTT4	MED10 L6 TRG17 TRG20
Q9BU19	ZNF692 AREBP ZFP692
Q9BUA3	SPINDOC C11orf84
Q9BUE0	MED18
Q9BUJ2	HNRNPUL1 E1BAP5 HNRPUL1
Q9BUY5	ZNF426
Q9BVI0	PHF20 C20orf104 GLEA2 HCA58 NZF TZP
Q9BW11	MXD3 BHLHC13 MAD3
Q9BWH2	FUNDC2 HCBP6 DC44 HCC3 PD03104
Q9BWT1	CDCA7 JPO1
Q9BWW4	SSBP3 SSDP SSDP1
Q9BWW7	SCRT1
Q9BWX5	GATA5
Q9BXA9	SALL3 ZNF796
Q9BXJ9	NAA15 GA19 NARG1 NATH TBDN100
Q9BXP5	SRRT ARS2 ASR2
Q9BY41	HDAC8 HDACL1 CDA07
Q9BY66	KDM5D HY HYA JARID1D KIAA0234 SMCY
Q9BYE0	HES7 BHLHB37
Q9BYE7	PCGF6 MBLR RNF134
Q9BYH8	NFKBIZ IKBZ INAP MAIL
Q9BYK8	HELZ2 KIAA1769 PRIC285
Q9BYN7	ZNF341
Q9BYU1	PBX4
Q9BYV9	BACH2
Q9BYW2	SETD2 HIF1 HYPB KIAA1732 KMT3A SET2 HSPC069
Q9BZ95	NSD3 WHSC1L1 DC28
Q9BZE0	GLIS2 NKL
Q9BZK7	TBL1XR1 IRA1 TBLR1
Q9BZM3	GSX2 GSH2
Q9BZS1	FOXP3 IPEX JM2
Q9C005	DPY30
Q9C086	INO80B HMGA1L4 PAPA1 ZNHIT4
Q9C0A1	ZFHX2 KIAA1056 KIAA1762 ZNF409
Q9C0A6	SETD5 KIAA1757
Q9C0C6	CIPC KIAA1737
Q9C0C7	AMBRA1 DCAF3 KIAA1736
Q9C0F0	ASXL3 KIAA1713
Q9C0F3	ZNF436 KIAA1710
Q9C0G0	ZNF407 KIAA1703
Q9C0J9	BHLHE41 BHLHB3 DEC2 SHARP1
Q9C0K0	BCL11B CTIP2 RIT1
Q9GZN1	ACTR6 CDA12
Q9GZN2	TGIF2
Q9GZQ3	COMMD5 HT002
Q9GZS3	SKIC8 WDR61
Q9GZT3	SLIRP C14orf156 DC23 DC50 PD04872
Q9GZV5	WWTR1 TAZ
Q9GZV8	PRDM14
Q9GZX5	ZNF350 ZBRK1
Q9H063	MAF1
Q9H0A8	COMMD4
Q9H0D2	ZNF541
Q9H0D6	XRN2
Q9H0E3	SAP130
Q9H0E9	BRD8 SMAP SMAP2
Q9H116	GZF1 ZBTB23 ZNF336
Q9H147	DNTTIP1 C20orf167 TDIF1
Q9H160	ING2 ING1L
Q9H161	ALX4 KIAA1788
Q9H165	BCL11A CTIP1 EVI9 KIAA1809 ZNF856
Q9H1I8	ASCC2 ASC1P100 RQT3
Q9H204	MED28 EG1 FKSG20
Q9H2C1	LHX5
Q9H2F5	EPC1
Q9H2G4	TSPYL2 CDA1 DENTT TSPX HRIHFB2216
Q9H2P0	ADNP ADNP1 KIAA0784
Q9H2S9	IKZF4 KIAA1782 ZNFN1A4
Q9H2U1	DHX36 DDX36 KIAA1488 MLEL1 RHAU
Q9H2W2	MIXL1 MIXL
Q9H2X6	HIPK2
Q9H307	PNN DRS MEMA
Q9H334	FOXP1 HSPC215
Q9H3D4	TP63 KET P63 P73H P73L TP73L
Q9H3M7	TXNIP VDUP1
Q9H3M9	ATXN3L ATX3L MJDL
Q9H3P2	NELFA WHSC2 P/OKcl.15
Q9H3R0	KDM4C GASC1 JHDM3C JMJD2C KIAA0780
Q9H422	HIPK3 DYRK6 FIST3 PKY
Q9H4I2	ZHX3 KIAA0395 TIX1
Q9H4Q3	PRDM13 PFM10
Q9H4Q4	PRDM12 PFM9
Q9H4S2	GSX1 GSH1
Q9H4T2	ZSCAN16 ZNF392 ZNF435
Q9H4W6	EBF3 COE3
Q9H4Z2	ZNF335
Q9H582	ZNF644 KIAA1221 ZEP2
Q9H583	HEATR1 BAP28 UTP10
Q9H5H4	ZNF768
Q9H5I1	SUV39H2 KMT1B
Q9H5J8	TAF1D JOSD3
Q9H5Q4	TFB2M NS5ATP5
Q9H5V7	IKZF5 ZNFN1A5
Q9H6I2	SOX17
Q9H6U6	BCAS3
Q9H6W3	RIOX1 C14orf169 MAPJD NO66
Q9H707	ZNF552
Q9H7L9	SUDS3 SAP45 SDS3
Q9H7S9	ZNF703 ZEPPO1 ZPO1
Q9H7X3	ZNF696
Q9H7Z6	KAT8 MOF MYST1 PP7073
Q9H808	TLE6
Q9H869	YY1AP1 HCCA2 YY1AP
Q9H8H0	NOL11 L14
Q9H8M2	BRD9 UNQ3040/PRO9856
Q9H8N7	ZNF395 HDBP2 PBF
Q9H944	MED20 TRFP
Q9H981	ACTR8 ARP8 INO80N
Q9H9A5	CNOT10
Q9H9C1	VIPAS39 C14orf133 SPE39 VIPAR
Q9H9D4	ZNF408 PFM14 PRDM17
Q9H9F9	ACTR5 ARP5
Q9H9S0	NANOG
Q9HAF1	MEAF6 C1orf149 CENP-28 EAF6
Q9HAJ7	SAP30L NS4ATP2
Q9HAK2	EBF2 COE2
Q9HAP2	MLXIP BHLHE36 KIAA0867 MIR MONDOA
Q9HAW0	BRF2 BRFU PRO1470
Q9HAZ2	PRDM16 KIAA1675 MEL1 PFM13
Q9HB58	SP110
Q9HB65	ELL3
Q9HBE1	PATZ1 PATZ RIAZ ZBTB19 ZNF278 ZSG
Q9HBM6	TAF9B TAF9L
Q9HBT8	ZNF286A KIAA1874 ZNF286
Q9HBU1	BARX1
Q9HBZ2	ARNT2 BHLHE1 KIAA0307
Q9HC52	CBX8 PC3 RC1
Q9HC78	ZBTB20 DPZF ZNF288
Q9HCD5	NCOA5 KIAA1637
Q9HCE1	MOV10 KIAA1631
Q9HCK0	ZBTB26 KIAA1572 ZNF481
Q9HCK8	CHD8 HELSNF1 KIAA1564
Q9HCS4	TCF7L1 TCF3
Q9HCU5	PREB SEC12
Q9HCU9	BRMS1
Q9HCX3	ZNF304
Q9HD15	SRA1 PP7684
Q9HD42	CHMP1A CHMP1 KIAA0047 PCOLN3 PRSM1
Q9HD90	NEUROD4 ATH3 ATOH3 BHLHA4
Q9NP08	HMX1 H6
Q9NP62	GCM1 GCMA
Q9NP66	HMG20A HMGX1 HMGXB1
Q9NP71	MLXIPL BHLHD14 MIO WBSCR14
Q9NPA8	ENY2 DC6
Q9NPC7	MYNN OSZF ZBTB31 SBBIZ1
Q9NPF5	DMAP1 KIAA1425
Q9NPI1	BRD7 BP75 CELTIX1
Q9NPJ4	PNRC2 HSPC208
Q9NPJ6	MED4 ARC36 DRIP36 VDRIP HSPC126
Q9NQ33	ASCL3 BHLHA42 HASH3 SGN1
Q9NQ87	HEYL BHLHB33 HRT3
Q9NQ92	COPRS C17orf79 COPR5
Q9NQB0	TCF7L2 TCF4
Q9NQG5	RPRD1B C20orf77 CREPT
Q9NQL9	DMRT3 DMRTA3
Q9NQR1	KMT5A PRSET7 SET07 SET8 SETD8
Q9NQV5	PRDM11 PFM8
Q9NQV6	PRDM10 KIAA1231 PFM7 TRIS
Q9NQV7	PRDM9 PFM6
Q9NQV8	PRDM8 PFM5
Q9NQX0	PRDM6 PFM3
Q9NQX1	PRDM5 PFM2
Q9NQZ8	ZNF71 EZFIT
Q9NR11	ZNF302 ZNF135L ZNF140L ZNF327
Q9NR19	ACSS2 ACAS2
Q9NR48	ASH1L KIAA1420 KMT2H
Q9NR55	BATF3 SNFT
Q9NR83	SLC2A4RG HDBP1
Q9NRC8	SIRT7 SIR2L7
Q9NRE2	TSHZ2 C20orf17 TSH2 ZNF218
Q9NRG4	SMYD2 KMT3C
Q9NRL2	BAZ1A ACF1 WCRF180 HSPC317
Q9NRY4	ARHGAP35 GRF1 GRLF1 KIAA1722 P190A p190ARHOGAP
Q9NRZ9	HELLS PASG SMARCA6 Nbla10143
Q9NS37	CREBZF ZF
Q9NSC2	SALL1 SAL1 ZNF794
Q9NSD4	ZNF275
Q9NSI6	BRWD1 C21orf107 WDR9
Q9NT68	TENM2 KIAA1127 ODZ2 TNM2
Q9NTW7	ZFP64 ZNF338
Q9NU39	FOXD4L1
Q9NU63	ZFP57 C6orf40 ZNF698
Q9NUQ3	TXLNG CXorf15 ELRG LSR5
Q9NV56	MRGBP C20orf20
Q9NVC6	MED17 ARC77 CRSP6 DRIP77 DRIP80 TRAP80
Q9NVM4	PRMT7 KIAA1933
Q9NVP2	ASF1B
Q9NVV9	THAP1
Q9NVW2	RLIM RNF12
Q9NWB6	ARGLU1
Q9NWB7	IFT57 DERP8 ESRRBL1 HIPPI
Q9NWH9	SLTM MET
Q9NWS0	PIH1D1 NOP17
Q9NWS9	ZNF446 ZKSCAN20
Q9NWT6	HIF1AN FIH1
Q9NX08	COMMD8 MDS022
Q9NX58	LYAR PNAS-5
Q9NX63	CHCHD3 MIC19 MINOS3
Q9NX65	ZSCAN32 ZNF434 HCCS5
Q9NX70	MED29 IXL
Q9NXR8	ING3 HSPC301
Q9NXW9	ALKBH4 ABH4
Q9NYB0	TERF2IP DRIP5 RAP1 PP8000
Q9NYD6	HOXC10 HOX3I
Q9NYF8	BCLAF1 BTF KIAA0164
Q9NYV6	RRN3 TIFIA
Q9NYW8	RBAK ZNF769
Q9NZ81	PRR13 TXR1 BM-041
Q9NZC4	EHF ESE3 ESE3B ESEJ
Q9NZI5	GRHL1 LBP32 MGR TFCP2L2
Q9NZI6	TFCP2L1 CRTR1 LBP9
Q9NZI7	UBP1 LBP1
Q9NZL3	ZNF224 BMZF2 KOX22 ZNF233 ZNF255 ZNF27
Q9NZN8	CNOT2 CDC36 NOT2 HSPC131 MSTP046
Q9NZR4	VSX1 RINX
Q9NZU5	LMCD1
Q9NZV7	ZIM2 ZNF656
Q9P000	COMMD9 HSPC166
Q9P086	MED11 HSPC296
Q9P0K8	FOXJ2 FHX
Q9P0L1	ZKSCAN7 ZNF167 ZNF448 ZNF64
Q9P0P8	MTRES1 C6orf203 HSPC230
Q9P0T4	ZNF581 HSPC189
Q9P0U4	CXXC1 CFP1 CGBP PCCX1 PHF18
Q9P0W2	HMG20B BRAF35 HMGX2 HMGXB2 SMARCE1R
Q9P1T7	MDFIC
Q9P1Z0	ZBTB4 KIAA1538
Q9P1Z2	CALCOCO1 KIAA1536 PP13275 UNQ2436/PRO4996
Q9P243	ZFAT KIAA1485 ZFAT1 ZNF406
Q9P2D1	CHD7 KIAA1416
Q9P2F9	ZNF319 KIAA1388
Q9P2K3	RCOR3 KIAA1343
Q9P2R6	RERE ARG ARP ATN1L KIAA0458
Q9P2Y4	ZNF219
Q9UBB5	MBD2
Q9UBC0	ONECUT1 HNF6 HNF6A
Q9UBD0	HSFX1 LW-1; HSFX2
Q9UBE8	NLK LAK1
Q9UBI1	COMMD3 BUP C10orf8
Q9UBK2	PPARGC1A LEM6 PGC1 PGC1A PPARGC1
Q9UBK9	UXT HSPC024
Q9UBL3	ASH2L ASH2L1
Q9UBN7	HDAC6 KIAA0901 JM21
Q9UBP5	HEY2 BHLHB32 CHF1 GRL HERP HERP1 HRT2
Q9UBR4	LHX3
Q9UBS8	RNF14 ARA54 HRIHFB2038
Q9UBU8	MORF4L1 MRG15 FWP006 HSPC008 HSPC061 PP368
Q9UBW7	ZMYM2 FIM RAMP ZNF198
Q9UBX0	HESX1 HANF
Q9UBX2	DUX4 DUX10
Q9UC07	ZNF69
Q9UDV6	ZNF212 ZNFC150
Q9UEG4	ZNF629 KIAA0326 ZNF65
Q9UER7	DAXX BING2 DAP6
Q9UFB7	ZBTB47 KIAA1190 ZNF651
Q9UFF9	CNOT8 CALIF POP2
Q9UFW8	CGGBP1 CGGBP
Q9UGL1	KDM5B JARID1B PLU1 RBBP2H1
Q9UGP4	LIMD1
Q9UGU0	TCF20 KIAA0292 SPBP
Q9UH73	EBF1 COE1 EBF
Q9UH92	MLX BHLHD13 TCFL4
Q9UHB7	AFF4 AF5Q31 MCEF HSPC092
Q9UHF7	TRPS1
Q9UHJ3	SFMBT1 RU1
Q9UHL9	GTF2IRD1 CREAM1 GTF3 MUSTRD1 RBAP2 WBSCR11 WBSCR12
Q9UHR5	SAP30BP HCNGP HTRG HTRP
Q9UHV2	SERTAD1 SEI1 TRIPBR1
Q9UHV7	MED13 ARC250 KIAA0593 THRAP1 TRAP240
Q9UHX1	PUF60 FIR ROBPI SIAHBP1
Q9UI36	DACH1 DACH
Q9UI95	MAD2L2 MAD2B REV7
Q9UID6	ZNF639 ZASC1
Q9UIE0	ZNF230 FDZF2
Q9UIF8	BAZ2B KIAA1476
Q9UIF9	BAZ2A KIAA0314 TIP5
Q9UIG0	BAZ1B WBSC10 WBSCR10 WBSCR9 WSTF
Q9UIH9	KLF15 KKLF
Q9UIL8	PHF11 BCAP
Q9UIS9	MBD1 CXXC3 PCM1
Q9UIU6	SIX4
Q9UIV1	CNOT7 CAF1
Q9UIW0	VAX2
Q9UJ55	MAGEL2 NDNL1
Q9UJ78	ZMYM5 ZNF198L1 ZNF237 HSPC050
Q9UJL9	ZFP69B ZNF643
Q9UJQ4	SALL4 ZNF797
Q9UJU2	LEF1
Q9UJU5	FOXD3 HFH2
Q9UJW8	ZNF180
Q9UJW9	SERTAD3 RBT1
Q9UK33	ZNF580
Q9UK58	CCNL1 BM-001 UNQ530/PRO1073
Q9UK61	TASOR C3orf63 FAM208A KIAA1105
Q9UK80	USP21 USP23 PP1490
Q9UKD1	GMEB2 KIAA1269
Q9UKI9	POU2F3 OTF11 PLA1
Q9UKL0	RCOR1 KIAA0071 RCOR
Q9UKL3	CASP8AP2 FLASH KIAA1315 RIP25
Q9UKM9	RALY HNRPCL2 P542
Q9UKN5	PRDM4 PFM1
Q9UKS7	IKZF2 HELIOS ZNFN1A2
Q9UKT9	IKZF3 ZNFN1A3
Q9UKU7	ACAD8 ARC42 IBD
Q9UKV0	HDAC9 HDAC7 HDAC7B HDRP KIAA0744 MITR
Q9UKV8	AGO2 EIF2C2
Q9UKW6	ELF5 ESE2
Q9UKY1	ZHX1
Q9UKZ1	CNOT11 C2orf29 C40
Q9UKZ4	TENM1 ODZ1 TNM1
Q9UL17	TBX21 TBET TBLYM
Q9UL18	AGO1 EIF2C1
Q9UL49	TCFL5 CHA E2BP1
Q9UL68	MYT1L KIAA1106
Q9ULC4	MCTS1 MCT1
Q9ULD5	ZNF777 KIAA1285
Q9ULE0	WWC3 KIAA1280
Q9ULH7	MRTFB KIAA1243 MKL2
Q9ULJ3	ZBTB21 KIAA1227 ZNF295
Q9ULJ6	ZMIZ1 KIAA1224 RAI17 ZIMP10
Q9ULK4	MED23 ARC130 CRSP3 DRIP130 KIAA1216 SUR2
Q9ULM2	ZNF490 KIAA1198
Q9ULM6	CNOT6 CCR4 CCR4a KIAA1194
Q9ULU4	ZMYND8 KIAA1125 PRKCBP1 RACK7
Q9ULV5	HSF4
Q9ULW3	ABT1
Q9ULX6	AKAP8L NAKAP NAKAP95 HRIHFB2018
Q9ULX9	MAFF
Q9UM07	PADI4 PAD4 PADI5 PDI5
Q9UM47	NOTCH3
Q9UM63	PLAGL1 LOT1 ZAC
Q9UMN6	KMT2B HRX2 KIAA0304 MLL2 MLL4 TRX2 WBP7
Q9UMQ3	BARX2
Q9UMR3	TBX20
Q9UN42	ATP1B4
Q9UN79	SOX13
Q9UNS1	TIMELESS TIM TIM1 TIMELESS1
Q9UNY4	TTF2
Q9UNY5	ZNF232 ZSCAN11
Q9UPG8	PLAGL2 KIAA0198
Q9UPM6	LHX6 LHX6.1
Q9UPN6	SCAF8 CCAP7 KIAA1116 RBM16
Q9UPN9	TRIM33 KIAA1113 RFG7 TIF1G
Q9UPP1	PHF8 KDM7B KIAA1111 ZNF422
Q9UPS6	SETD1B KIAA1076 KMT2G SET1B
Q9UPT8	ZC3H4 C19orf7 KIAA1064
Q9UPT9	USP22 KIAA1063 USP3L
Q9UPW0	FOXJ3 KIAA1041
Q9UPW6	SATB2 KIAA1034
Q9UQ80	PA2G4 EBP1
Q9UQB3	CTNND2 NPRAP
Q9UQL6	HDAC5 KIAA0600
Q9UQR0	SCML2
Q9UQR1	ZNF148 ZBP89
Q9Y222	DMTF1 DMP1
Q9Y224	RTRAF C14orf166 CGI-99
Q9Y230	RUVBL2 INO80J TIP48 TIP49B CGI-46
Q9Y232	CDYL CDYL1
Q9Y261	FOXA2 HNF3B TCF3B
Q9Y265	RUVBL1 INO80H NMP238 TIP49 TIP49A
Q9Y294	ASF1A CGI-98 HSPC146
Q9Y2D1	ATF5 ATFX
Q9Y2D9	ZNF652 KIAA0924
Q9Y2F5	ICE1 KIAA0947
Q9Y2G1	MYRF C11orf9 KIAA0954 MRF
Q9Y2G9	SBNO2 KIAA0963
Q9Y2K1	ZBTB1 KIAA0997
Q9Y2K7	KDM2A CXXC8 FBL11 FBL7 FBXL11 JHDM1A KIAA1004
Q9Y2N7	HIF3A BHLHE17 MOP7 PASD7
Q9Y2P7	ZNF256 BMZF3
Q9Y2V3	RAX RX
Q9Y2W1	THRAP3 BCLAF2 TRAP150
Q9Y2W7	KCNIP3 CSEN DREAM KCHIP3
Q9Y2X0	MED16 DRIP92 THRAP5
Q9Y2X9	ZNF281 GZP1 ZBP99
Q9Y2Y4	ZBTB32 FAZF TZFP ZNF538
Q9Y2Y9	KLF13 BTEB3 NSLP1
Q9Y3Q8	TSC22D4 THG1 THG1-PIT
Q9Y3T9	NOC2L NIR
Q9Y3Y2	CHTOP C1orf77 FOP HT031 PP7704
Q9Y458	TBX22 TBOX22
Q9Y462	ZNF711 CMPX1 ZNF6
Q9Y466	NR2E1 TLX
Q9Y467	SALL2 KIAA0360 SAL2 ZNF795
Q9Y468	L3MBTL1 KIAA0681 L3MBT L3MBTL
Q9Y473	ZNF175
Q9Y4A5	TRRAP PAF400
Q9Y4A8	NFE2L3 NRF3
Q9Y4B6	DCAF1 KIAA0800 RIP VPRBP
Q9Y4C1	KDM3A JHDM2A JMJD1 JMJD1A KIAA0742 TSGA
Q9Y4E5	ZNF451 COASTER KIAA0576 KIAA1702
Q9Y4K0	LOXL2
Q9Y4X4	KLF12 AP2REP HSPC122
Q9Y4Z2	NEUROG3 ATOH5 BHLHA7 NGN3
Q9Y5B6	PAXBP1 C21orf66 GCFC GCFC1
Q9Y5B9	SUPT16H FACT140 FACTP140
Q9Y5J3	HEY1 BHLHB31 CHF2 HERP2 HESR1 HRT1
Q9Y5K5	UCHL5 UCH37 AD-019 CGI-70
Q9Y5Q3	MAFB KRML
Q9Y5R5	DMRT2 DSXL2
Q9Y5R6	DMRT1 DMT1
Q9Y5T5	USP16 MSTP039
Q9Y5W3	KLF2 LKLF
Q9Y5X4	NR2E3 PNR RNR
Q9Y603	ETV7 TEL2 TELB TREF
Q9Y618	NCOR2 CTG26
Q9Y692	GMEB1
Q9Y6B2	EID1 C15orf3 CRI1 RBP21 PNAS-22 PTD014
Q9Y6J9	TAF6L PAF65A
Q9Y6K9	IKBKG FIP3 NEMO
Q9Y6Q9	NCOA3 AIB1 BHLHE42 RAC3 TRAM1
Q9Y6X2	PIAS3
Q9Y6X8	ZHX2 AFR1 KIAA0854 RAF
Q9Y6Y1	CAMTA1 KIAA0833 MSTP023
A2RRD8	ZNF320
A2RU54	HMX2
A6NF83	NUPR2 NUPR1L
A6NFD8	HELT
A6NHT5	HMX3 NKX-5.1 NKX5-1
A6NJL1	ZSCAN5B
A6NJT0	UNCX UNCX4.1
A6NLW8	DUXA
A6NNA5	DRGX PRRXL1
C0HLU2	ZNF689
E9PAV3	NACA
O00570	SOX1
O14709	ZNF197 ZKSCAN9 ZNF166
O14753	OVOL1
O15090	ZNF536 KIAA0390
O43345	ZNF208 ZNF91L
O43638	FOXS1 FKHL18 FREAC10
O43812	DUX1
O60224	SSX4 SSX4A; SSX4B
O60225	SSX5
O60422	ONECUT3
O60765	ZNF354A EZNF HKL1 TCF17
O75123	ZNF623 KIAA0628
O75346	ZNF253 BMZF1 ZNF411
O75437	ZNF254 BMZF5 ZNF539 ZNF91L
O75541	ZNF821
O75764	TCEA3 TFIISH
O75820	ZNF189
O95076	ALX3
O95625	ZBTB11
O95780	ZNF682
P09630	HOXC6 HOX3C
P10072	ZNF875 HKR1
P15621	ZNF44 GIOT2 KOX7 ZNF55 ZNF58
P17019	ZNF708 KOX8 ZNF15 ZNF15L1
P17025	ZNF182 KOX14 ZNF21
P17026	ZNF22 KOX15 KROX26
P17029	ZKSCAN1 KOX18 ZNF139 ZNF36
P17030	ZNF25 KOX19
P17031	ZNF26 KOX20
P17032	ZNF37A KOX21 ZNF37
P17035	ZNF28 KOX24
P17038	ZNF43 KOX27 ZNF39 ZNF39L1
P17039	ZNF30 KOX28
P17097	ZNF7 KOX4
P17098	ZNF8
P21506	ZNF10 KOX1
P31267	HOXA6 HOX1B
P31277	HOXD11 HOX4F
P32314	FOXN2 HTLF
P49750	YLPM1 C14orf170 ZAP3
P51504	ZNF80
P51508	ZNF81
P51522	ZNF83 ZNF816B
P51815	ZNF75D ZNF75 ZNF82
P52737	ZNF136
P52741	ZNF134
P52746	ZNF142 KIAA0236
P58317	ZNF121 ZNF20
P81133	SIM1 BHLHE14
P82970	HMGN5 NSBP1
P98169	ZXDB
Q02386	ZNF45 KOX5 ZNF13
Q03936	ZNF92
Q06732	ZNF33B KOX2 ZNF11B
Q08ER8	ZNF543
Q0D2J5	ZNF763
Q12796	PNRC1 PROL2
Q12950	FOXD4 FKHL9 FOXD4A FREAC5
Q13106	ZNF154 KIAA2003
Q14582	MXD4 BHLHC12 MAD4
Q14590	ZNF235 ZFP93 ZNF270
Q14593	ZNF273
Q15847	ADIRF AFRO APM2 C10orf116
Q15935	ZNF77
Q15937	ZNF79
Q17RH7	TPRXL
Q2M1V0	ISX RAXLX
Q2M3X9	ZNF674
Q32M78	ZNF699
Q3B8N5	PROX2
Q3C1V8	BSX BSX1
Q3MIS6	ZNF528 KIAA1827
Q3SY52	ZIK1 ZNF762
Q3ZCT1	ZNF260 ZFP260
Q3ZCX4	ZNF568
Q4G112	HSF5 HSTF5
Q52LR7	EPC2
Q53GI3	ZNF394 ZKSCAN14
Q5EBL2	ZNF628
Q5FWF6	ZNF789
Q5JT82	KLF17 ZNF393
Q5M9Q1	NKAPL C6orf194
Q5SZJ8	BEND6 C6orf65
Q5TC79	ZBTB37
Q5TEC3	ZNF697
Q5TYW1	ZNF658
Q5U623	ATF7IP2 MCAF2
Q5VVH5	IRAK1BP1
Q5VZB9	DMRTA1 DMO
Q63HK3	ZKSCAN2 ZNF694
Q68DY1	ZNF626
Q6AZW8	ZNF660
Q6IQ32	ADNP2 KIAA0863 ZNF508
Q6IV72	ZNF425
Q6NSZ9	ZSCAN25 ZNF498
Q6P1K8	GTF2H2C; GTF2H2C_2 GTF2H2D
Q6PF04	ZNF613
Q6PJG2	MIDEAS C14orf117 C14orf43 ELMSAN1
Q6PJQ5	FOXR2 FOXN6
Q6SJ96	TBPL2 TBP2 TRF3
Q6T310	RASL11A
Q6VUC0	TFAP2E
Q6XYB7	LBX2 LP3727
Q6ZN11	ZNF793
Q6ZN28	MACC1
Q6ZR52	ZNF493
Q6ZS27	ZNF662
Q7L3S4	ZNF771
Q7RTV3	ZNF367 ZFF29
Q7Z340	ZNF551 KOX23
Q7Z398	ZNF550
Q7Z7J5	DPPA2 PESCRG1
Q7Z7L9	ZSCAN2 ZFP29 ZNF854
Q86TJ5	ZNF554
Q86UE3	ZNF546 ZNF49
Q86UP8	GTF2IRD2 GTF2IRD2A
Q86X83	COMMD2 HSPC042 My004
Q86YE8	ZNF573
Q86YH2	ZNF280B SUHW2 ZNF279 ZNF632
Q8IUE0	TGIF2LY TGIFLY
Q8IUE1	TGIF2LX TGIFLX
Q8IWY8	ZSCAN29 ZNF690
Q8IXT2	DMRTC2
Q8IXZ3	SP8
Q8IYN2	TCEAL8
Q8IYX0	ZNF679
Q8IZ26	ZNF34 KOX32
Q8N184	ZNF567
Q8N365	CIART C1orf51
Q8N3J9	ZNF664 ZFOC1 ZNF176
Q8N3X6	LCORL
Q8N7K0	ZNF433
Q8N7M2	ZNF283
Q8N7R0	NANOGP1 NANOG2
Q8N823	ZNF611
Q8N859	ZNF713
Q8N883	ZNF614
Q8N8G2	VGLL2 VITO1
Q8N8J6	ZNF615
Q8N8L2	ZNF491
Q8N8Y5	ZFP41
Q8N8Z8	ZNF441
Q8N988	ZNF557
Q8N9Z0	ZNF610
Q8NA19	L3MBTL4
Q8NAF0	ZNF579
Q8NCA9	ZNF784
Q8NCK3	ZNF485
Q8NCN2	ZBTB34 KIAA1993
Q8ND82	ZNF280C SUHW3 ZNF633
Q8NDX6	ZNF740 TB7
Q8NEF9	SRFBP1
Q8NEP9	ZNF555
Q8NFJ8	BHLHE22 BHLHB5 TNRC20
Q8NHY6	ZFP28 KIAA1431
Q8TAF7	ZNF461 GIOT1
Q8TAK5	GABPB2
Q8TAQ5	ZNF420
Q8TBZ5	ZNF502
Q8TC21	ZNF596
Q8TD94	KLF14 BTEB5
Q8TF39	ZNF483 KIAA1962 ZKSCAN16
Q8TF45	ZNF418 KIAA1956
Q8TF68	ZNF384 CAGH1 CIZ NMP4 TNRC1
Q8WUH1	CHURC1 C14orf52 CHCH My015
Q8WUY8	NAT14 KLP1
Q8WXB4	ZNF606 KIAA1852 ZNF328
Q8WYN3	CSRNP3 FAM130A2 TAIP2
Q92610	ZNF592 KIAA0211
Q92664	GTF3A
Q969W8	ZNF566
Q96BV0	ZNF775
Q96C28	ZNF707
Q96CX3	ZNF501 ZNF52
Q96EK7	FAM120B CCPG KIAA1838
Q96HQ0	ZNF419 ZNF419A
Q96I27	ZNF625
Q96JC4	ZNF479
Q96K62	ZBTB45 ZNF499
Q96LW9	ZSCAN31 ZNF310P ZNF323
Q96ME7	ZNF512 KIAA1805
Q96N38	ZNF714
Q96NK8	NEUROD6 ATOH2 BHLHA2 My051
Q96NX9	DACH2
Q96PE6	ZIM3 ZNF657
Q96RK1	CITED4 MRG2
Q96SE7	ZNF347 ZNF1111
Q96SK3	ZNF607
Q96SR6	ZNF382
Q96T92	INSM2 IA6 Nbla106
Q99742	NPAS1 BHLHE11 MOP5 PASD5
Q9BQI9	NRIP2
Q9BR84	ZNF559
Q9BRU2	TCEAL7
Q9BSK1	ZNF577
Q9BUG6	ZSCAN5A ZNF495 ZSCAN5
Q9BX82	ZNF471 ERP1 KIAA1396
Q9BXG8	SPZ1 TSP1
Q9BXK1	KLF16 BTEB4 NSLP2
Q9BXU3	TEX13A
Q9C009	FOXQ1 HFH1
Q9GZP4	PITHD1 C1orf128 AD039 HT014 PP603
Q9GZZ0	HOXD1 HOX4 HOX4G
Q9H091	ZMYND15
Q9H175	CSRNP2 C12orf22 FAM130A1 TAIP12
Q9H2A3	NEUROG2 ATOH4 BHLHA8 NGN2
Q9H501	ESF1 ABTAP C20orf6 HDCMC28P
Q9H511	KLHL31 BKLHD6 KBTBD1 KLHL
Q9H609	ZNF576
Q9H7R0	ZNF442
Q9H7R5	ZNF665 ZFP160L
Q9H8Y1	VRTN C14orf115
Q9HCC6	HES4 BHLHB42
Q9HCG1	ZNF160 KIAA1611
Q9NQ03	SCRT2 FP7030
Q9NQX6	ZNF331 RITA ZNF361 ZNF463
Q9NRM2	ZNF277 NRIF4 ZNF277P
Q9NUA8	ZBTB40 KIAA0478
Q9NV72	ZNF701
Q9NWA0	MED9 MED25
Q9NX45	SOHLH2 TEB1
Q9NY43	BARHL2
Q9P031	CCDC59 BR22 TAP26 HSPC128
Q9P2J8	ZNF624 KIAA1349
Q9UBG7	RBPJL RBPL RBPSUHL
Q9UDV7	ZNF282 HUB1
Q9UII5	ZNF107 ZFD25 ZNF588
Q9UJU3	ZNF112 ZFP112 ZNF228
Q9UJW7	ZNF229
Q9UK11	ZNF223
Q9UK12	ZNF222
Q9UK13	ZNF221
Q9UL36	ZNF236
Q9UL58	ZNF215 BAZ2 ZKSCAN11
Q9UN30	SCML1
Q9UNN4	GTF2A1L ALF GTF2A1LF
Q9Y2A4	ZNF443
Q9Y2H8	ZNF510 KIAA0972
Q9Y2Q1	ZNF257 BMZF4
Q9Y330	ZBTB12 C6orf46 G10 NG35
Q9Y3C7	MED31 SOH1 CGI-125
Q9Y543	HES2 BHLHB40
Q9Y5A6	ZSCAN21 ZFP38 ZNF38
Q9Y651	SOX21 SOX25 SOXA
Q9Y6G5	COMMD10 HSPC305 PTD002
Q9Y6Q3	ZFP37
A0A1W2PPD8	KDM4F
A0A1W2PPM1	CPHXL CPHX1
A0A2Z4LIS9	FOXO3B
A0A455ZAR2	LINC-PINT
A6NDX5	ZNF840P C20orf157 ZNF840
A6NFI3	ZNF316
A6NFQ7	DPRX
A6NGD5	ZSCAN5C ZSCAN5CP
A6NHJ4	ZNF860
A6NJG6	ARGFX
A6NK53	ZNF233
A6NK75	ZNF98 ZNF739
A6NM28	ZFP92
A6NN14	ZNF729
A6NNF4	ZNF726
A6NP11	ZNF716
A8MTY0	ZNF724 ZNF724P
A8MUV8	ZNF727 ZNF727P
A8MWA4	ZNF705EP ZNF705E
A8MXY4	ZNF99 C19orf9
A8MYZ6	FOXO6
B1APH4	ZNF487 KRBO1 ZNF487P
B2RXH4	BTBD18
B4DU55	ZNF879
B4DX44	ZNF736
B4DXR9	ZNF732
C9JSJ3	MEIOSIN BHMG1
O00110	OVOL3
O43361	ZNF749
O60290	ZNF862 KIAA0543
O75290	ZNF780A
O75333	TBX10 TBX7
O75373	ZNF737 ZNF102
O75467	ZNF324 ZNF324A
P0C6A0	ZGLP1 GLP1
P0C860	MSL3B MSL3L2 MSL3P1
P0CG00	ZSCAN5DP ZSCAN5D
P0CG31	ZNF286B ZNF286C ZNF286L
P0CG40	SP9
P0CH99	ZNF705D
P0CJ79	ZNF888
P0DV77	TPRX2
P16415	ZNF823 ZFP36
P17017	ZNF14 GIOT4 KOX6
P31275	HOXC12 HOC3F HOX3F
P51523	ZNF84
P51786	ZNF157
P52740	ZNF132
P52743	ZNF137P ZNF137
Q03924	ZNF117
Q03938	ZNF90
Q08AN1	ZNF616
Q0VGE8	ZNF816 ZNF816A
Q14549	GBX1
Q14586	ZNF267
Q14588	ZNF234 ZNF269
Q147U1	ZNF846
Q16559	TAL2 BHLHA19
Q17RG1	KCTD19
Q2M218	ZNF630
Q2M3W8	ZNF181
Q2TB10	ZNF800 PP902
Q2VY69	ZNF284 ZNF284L
Q3KNW1	SNAI3 ZNF293
Q3KP31	ZNF791
Q3SXZ3	ZNF718
Q494X3	ZNF404
Q499Z4	ZNF672
Q49AA0	ZFP69 ZNF642
Q52M93	ZNF585B
Q5CZA5	ZNF805
Q5EBM4	ZNF542P ZNF542
Q5HY98	ZNF766
Q5HYK9	ZNF667
Q5HYR2	DMRTC1; DMRTC1B
Q5JNZ3	ZNF311 ZFP31
Q5JVG2	ZNF484
Q5JVG8	ZNF506
Q5MCW4	ZNF569
Q5SV97	PERM1 C1orf170
Q5SVQ8	ZBTB41 FRBZ1
Q5SXM1	ZNF678
Q5T0B9	ZNF362 PP6997
Q5T5D7	ZNF684
Q5TGS1	HES3 BHLHB43
Q5VIY5	ZNF468
Q5VYV0	FOXB2
Q68DI1	ZNF776
Q68DY9	ZNF772
Q6AHZ1	ZNF518A KIAA0335 ZNF518
Q6AW86	ZNF324B
Q6BEB4	SP5
Q6DD87	ZNF787
Q6EKJ0	GTF2IRD2B
Q6IPX3	TCEAL6
Q6IQ21	ZNF770
Q6NT89	TRNP1 C1orf225 TRNP
Q6NX49	ZNF544
Q6P280	ZNF529 KIAA1615
Q6P3V2	ZNF585A
Q6P9A1	ZNF530 KIAA1508
Q6P9A3	ZNF549
Q6PG37	ZNF790
Q6PK81	ZNF773 ZNF419B
Q6V9R5	ZNF562
Q6ZMW2	ZNF782
Q6ZMY9	ZNF517
Q6ZN01	MAMSTR MASTR
Q6ZN06	ZNF813
Q6ZN19	ZNF841
Q6ZN32	ETV3L
Q6ZN79	ZNF705A
Q6ZNA1	ZNF836
Q6ZNC4	ZNF704
Q6ZNG1	ZNF600
Q6ZRF7	ZNF818P ZNF818
Q6ZSS3	ZNF621
Q6ZT77	ZNF826P ZNF826
Q6ZV50	RFX8
Q76KX8	ZNF534 KRBO3
Q7L945	ZNF627
Q7RTT3	SSX9P SSX9
Q7RTT4	SSX8P SSX8
Q7RTT5	SSX7
Q7RTT6	SSX6P SSX6
Q7RTU0	TCF24
Q7RTU5	ASCL5 BHLHA47
Q7Z3V5	ZNF571 HSPC059
Q7Z7K2	ZNF467
Q86T29	ZNF605
Q86V71	ZNF429
Q86WZ6	ZNF227
Q86XN6	ZNF761 KIAA2033
Q86XU0	ZNF677
Q8IVC4	ZNF584
Q8IYB9	ZNF595
Q8IYN0	ZNF100
Q8IZ40	RCOR2
Q8IZM8	ZNF654
Q8N0Z2	ABRA
Q8N141	ZFP82 KIAA1948 ZNF545
Q8N1W2	ZNF710
Q8N228	SCML4
Q8N2I2	ZNF619
Q8N587	ZNF561
Q8N5J4	SPIC
Q8N782	ZNF525 KIAA1979
Q8N7G0	POU5F2 SPRM1
Q8N7Q3	ZNF676
Q8N8C0	ZNF781
Q8N972	ZNF709
Q8N9F8	ZNF454
Q8N9K5	ZNF565
Q8NB42	ZNF527 KIAA1829
Q8NB50	ZFP62
Q8NDW4	ZNF248
Q8NDY6	BHLHE23 BHLHB4
Q8NE65	ZNF738
Q8NEK5	ZNF548
Q8NEM1	ZNF680
Q8TA94	ZNF563
Q8TAW3	ZNF671
Q8TB69	ZNF519
Q8TCN5	ZNF507 KIAA1084
Q8TEE9	SAP25
Q8TF20	ZNF721 KIAA1982
Q8TF32	ZNF431 KIAA1969
Q8WXT5	FOXD4L4 FOXD4B FOXD4L2
Q8WZ33	MAFIP MIP PP5644
Q92670	ZNF75CP ZNF75C
Q96CS4	ZNF689
Q96EI5	TCEAL4 NPD017
Q96GE5	ZNF799 ZNF842
Q96H40	ZNF486 KRBO2
Q96JF6	ZNF594 KIAA1871
Q96K75	ZNF514
Q96LW1	ZNF354B
Q96MR9	ZNF560
Q96MU6	ZNF778
Q96N20	ZNF75A
Q96N22	ZNF681
Q96ND8	ZNF583
Q96NG8	ZNF582
Q96NI8	ZNF570
Q96NJ3	ZNF285 ZNF285A
Q96NJ6	ZFP3 ZNF752
Q96SL8	FIZ1 ZNF798
Q99676	ZNF184
Q9BRH9	ZNF251
Q9BWM5	ZNF416
Q9BY31	ZNF717
Q9BZE3	BARHL1 FKSG31
Q9C0D4	ZNF518B KIAA1729
Q9H0M5	ZNF700
Q9H3H9	TCEAL2 My048 MY0876G0
Q9H5J0	ZBTB3
Q9H8G1	ZNF430
Q9H963	ZNF702P ZNF702
Q9HAH1	ZNF556
Q9HB31	SEBOX OG9X
Q9HBT7	ZNF287 ZKSCAN13
Q9HC44	GPBP1L1 SP192
Q9HCE3	ZNF532 KIAA1629
Q9HCL3	ZFP14 KIAA1559 ZNF531
Q9HCZ1	ZNF334
Q9NSJ1	ZNF355P ZNF834 PRED65
Q9NVM6	DNAJC17
Q9NW07	ZNF358
Q9NXT0	ZNF586
Q9NYT6	ZNF226
Q9P255	ZNF492 KIAA1473 ZNF115
Q9UC06	ZNF70
Q9UJN7	ZNF391
Q9UK10	ZNF225
Q9UL59	ZNF214 BAZ1
Q9ULD9	ZNF608 KIAA1281
Q9Y242	TCF19 SC1
Q9Y2G7	ZFP30 KIAA0961 ZNF745
Q9Y2L8	ZKSCAN5 KIAA1015 ZFP95
Q9Y2P0	ZNF835
Q9Y3M9	ZNF337
Q9Y6R6	ZNF780B ZNF779
A0A1B0GTS1	HSFX4
A0A1B0GWH4	HSFX3
A0A1W2PQ73	ERFL
A0A1W2PQL4	ZNF722 ZNF722P
A0A5F9ZHS7	NFILZ
A6NDZ8	MBD3L4
A6NE82	MBD3L3
A8MQ14	ZNF850
A8MT65	ZNF891
A8MUZ8	ZNF705G
C9JN71	ZNF878
P0CB33	ZNF735 ZNF735P
P0CG24	ZNF883
P0CI00	ZNF705B
P0CJ78	ZNF865
P0CJ85	DUX4L2
P0CJ86	DUX4L3
P0CJ87	DUX4L4
P0CJ88	DUX4L5
P0CJ89	DUX4L6
P0CJ90	DUX4L7
P0DPD5	ZNF723
Q49A33	ZNF876P
Q4V348	ZNF658B
Q5H9L2	TCEAL5
Q5VV16	FOXD4L5
Q6ZMV8	ZNF730
Q6ZN08	ZNF66 ZNF66P
Q6ZQN5	FOXI2
Q969E4	TCEAL3 MSTP072
Q96IR2	ZNF845
Q9UHQ7	TCEAL9 WBP5
